LocalityName,Years_Since_Exclosure,Delta_C,Delta_A,RF_Delta_C,RF_Delta_A,Net_RF,C_Eq_Delta_C,C_Eq_Delta_A,Net_C_Eq
bratsberg,1,-0.404952413,0.000818463,2.60E-16,-1.25E-16,1.35E-16,0.148482552,-0.071283174,0.077199377
bratsberg,2,-0.26607113,0.000189376,1.71E-16,-2.51E-17,1.46E-16,0.097559414,-0.014346805,0.083212609
bratsberg,3,0.634953074,-0.00555131,-4.07E-16,7.37E-16,3.29E-16,-0.232816127,0.421021036,0.188204909
bratsberg,4,1.118552499,-0.007785862,-7.18E-16,1.03E-15,3.09E-16,-0.410135916,0.586480285,0.176344368
bratsberg,5,2.004757483,-0.012165646,-1.29E-15,1.60E-15,3.17E-16,-0.735077744,0.915966085,0.180888341
bratsberg,6,3.128704877,-0.01589905,-2.01E-15,2.12E-15,1.09E-16,-1.147191788,1.209712457,0.062520668
bratsberg,7,4.438290962,-0.021621808,-2.85E-15,2.88E-15,2.90E-17,-1.627373353,1.643947042,0.016573689
bratsberg,8,6.382076049,-0.026467536,-4.10E-15,3.52E-15,-5.73E-16,-2.340094551,2.01248191,-0.327612642
bratsberg,9,6.705006589,-0.028112548,-4.30E-15,3.75E-15,-5.48E-16,-2.458502416,2.145469779,-0.313032637
bratsberg,10,6.955178393,-0.028303394,-4.46E-15,3.78E-15,-6.81E-16,-2.550232077,2.161071608,-0.389160469
bratsberg,11,6.018128169,-0.024852031,-3.86E-15,3.31E-15,-5.54E-16,-2.206646995,1.890194131,-0.316452865
didrik_holmsen,3,-0.442823964,-0.005770134,2.84E-16,6.71E-16,9.55E-16,0.162368787,0.38322019,0.545588977
didrik_holmsen,4,0.010104451,-0.007780739,-6.48E-18,1.03E-15,1.02E-15,-0.003704965,0.588047466,0.584342501
didrik_holmsen,5,-0.078850178,-0.009549082,5.06E-17,1.28E-15,1.33E-15,0.028911732,0.729364581,0.758276313
didrik_holmsen,6,0.47270875,-0.014663284,-3.03E-16,2.08E-15,1.78E-15,-0.173326542,1.190386242,1.0170597
didrik_holmsen,7,0.630969808,-0.015855507,-4.05E-16,2.25E-15,1.84E-15,-0.231355596,1.284369222,1.053013626
didrik_holmsen,8,0.512521184,-0.019539216,-3.29E-16,2.81E-15,2.48E-15,-0.187924434,1.606612308,1.418687874
drangedal1,1,-0.062486152,0.009160917,4.01E-17,-1.43E-15,-1.39E-15,0.022911589,-0.814678982,-0.791767393
drangedal1,2,-0.274568692,0.005279416,1.76E-16,-8.36E-16,-6.59E-16,0.100675187,-0.47746803,-0.376792842
drangedal1,3,-0.355865531,0.005638494,2.28E-16,-9.07E-16,-6.78E-16,0.130484028,-0.51816532,-0.387681292
drangedal1,4,-0.501490079,0.005991197,3.22E-16,-9.56E-16,-6.34E-16,0.183879696,-0.546298381,-0.362418685
drangedal1,5,-0.658410889,0.006700062,4.22E-16,-1.07E-15,-6.43E-16,0.241417326,-0.609001637,-0.367584311
drangedal1,6,-1.23949729,0.007753184,7.95E-16,-1.29E-15,-4.97E-16,0.45448234,-0.738281511,-0.283799172
drangedal1,7,-1.209101507,0.007685417,7.76E-16,-1.27E-15,-4.93E-16,0.443337219,-0.724790576,-0.281453356
drangedal1,8,-1.270346103,0.006295345,8.15E-16,-1.01E-15,-1.90E-16,0.465793571,-0.574643123,-0.108849552
drangedal1,9,-1.346973572,0.006401315,8.64E-16,-1.04E-15,-1.79E-16,0.49389031,-0.596233696,-0.102343386
drangedal3,1,0.048188445,-0.003466151,-3.09E-17,4.75E-16,4.44E-16,-0.017669097,0.271439898,0.253770801
drangedal3,2,0.098693106,-0.006280426,-6.33E-17,8.91E-16,8.28E-16,-0.036187472,0.509077384,0.472889912
drangedal3,3,0.201678744,0.001931672,-1.29E-16,-4.81E-16,-6.11E-16,-0.073948873,-0.275054187,-0.349003059
drangedal3,4,0.044955763,-0.00093097,-2.88E-17,5.94E-17,3.06E-17,-0.01648378,0.033946045,0.017462265
drangedal3,5,0.232301555,0.005800057,-1.49E-16,-1.09E-15,-1.24E-15,-0.085177237,-0.624602357,-0.709779594
drangedal3,6,0.275501224,0.006154494,-1.77E-16,-1.15E-15,-1.33E-15,-0.101017115,-0.656532977,-0.757550092
drangedal3,7,0.597530233,0.004198898,-3.83E-16,-7.90E-16,-1.17E-15,-0.219094419,-0.451626649,-0.670721068
drangedal3,8,0.739021728,0.002114618,-4.74E-16,-4.61E-16,-9.35E-16,-0.270974634,-0.263210418,-0.534185052
drangedal4,1,-0.896472811,0.007545879,5.75E-16,-1.27E-15,-6.98E-16,0.328706697,-0.727314502,-0.398607805
drangedal4,2,-0.910859125,0.006625545,5.84E-16,-1.12E-15,-5.39E-16,0.333981679,-0.64176212,-0.307780441
drangedal4,3,-0.270945754,0.002486457,1.74E-16,-4.16E-16,-2.42E-16,0.099346777,-0.23785516,-0.138508384
drangedal4,4,0.383696086,-0.001445649,-2.46E-16,2.82E-16,3.60E-17,-0.140688565,0.161249917,0.020561352
drangedal4,5,1.103309309,-0.00575673,-7.08E-16,9.74E-16,2.66E-16,-0.404546747,0.556506012,0.151959265
drangedal4,6,1.301132161,-0.006899804,-8.35E-16,1.16E-15,3.30E-16,-0.477081792,0.665510945,0.188429153
drangedal4,7,1.633708003,-0.007289259,-1.05E-15,1.22E-15,1.73E-16,-0.599026268,0.697650452,0.098624185
drangedal4,8,2.178725876,-0.008823463,-1.40E-15,1.48E-15,7.95E-17,-0.798866154,0.844299311,0.045433156
drangedal4,9,1.847237925,-0.008022155,-1.19E-15,1.34E-15,1.50E-16,-0.677320572,0.763081786,0.085761213
eidskog,2,0.010521738,0.000338356,-6.75E-18,2.96E-16,2.89E-16,-0.003857971,0.16903693,0.165178959
eidskog,3,-0.258960536,-0.000396342,1.66E-16,4.07E-16,5.73E-16,0.094952196,0.232595281,0.327547477
eidskog,4,-1.060219932,0.001931391,6.80E-16,-6.44E-20,6.80E-16,0.388747308,-3.68E-05,0.388710488
eidskog,5,-1.662352092,0.003313904,1.07E-15,-1.76E-16,8.91E-16,0.6095291,-0.100387914,0.509141186
eidskog,6,-2.516465036,0.005291192,1.61E-15,-5.82E-16,1.03E-15,0.922703847,-0.332856065,0.589847781
eidskog,7,-3.721579617,0.007272942,2.39E-15,-8.52E-16,1.54E-15,1.364579193,-0.486873906,0.877705287
fet_3,2,-0.37603257,0.013045689,2.41E-16,-1.80E-15,-1.56E-15,0.137878609,-1.0271823,-0.889303691
fet_3,3,-0.214467029,0.012252376,1.38E-16,-1.66E-15,-1.53E-15,0.07863791,-0.951113829,-0.872475918
fet_3,4,-0.473129793,0.015400852,3.04E-16,-2.14E-15,-1.84E-15,0.173480924,-1.225441671,-1.051960747
fet_3,5,-0.749115904,0.013836284,4.81E-16,-1.98E-15,-1.49E-15,0.274675831,-1.128720527,-0.854044696
fet_3,6,-1.7889854,0.017552769,1.15E-15,-2.59E-15,-1.44E-15,0.655961313,-1.481388153,-0.82542684
fet_3,7,-2.388219103,0.016050219,1.53E-15,-2.37E-15,-8.34E-16,0.875680338,-1.352515814,-0.476835476
fritsoe1,1,0.661110538,0.009772962,-4.24E-16,-1.02E-15,-1.44E-15,-0.242407197,-0.58179403,-0.824201227
fritsoe1,2,1.136810885,0.006419084,-7.29E-16,-5.40E-16,-1.27E-15,-0.416830658,-0.308693101,-0.725523758
fritsoe1,3,1.975212556,0.004006749,-1.27E-15,-4.09E-17,-1.31E-15,-0.724244604,-0.023366557,-0.747611161
fritsoe1,4,2.766852928,0.001921745,-1.78E-15,2.32E-16,-1.54E-15,-1.01451274,0.132645042,-0.881867698
fritsoe1,5,3.295434623,-0.000391714,-2.11E-15,5.89E-16,-1.53E-15,-1.208326028,0.336651384,-0.871674645
fritsoe1,6,4.154452868,-0.001664791,-2.67E-15,8.55E-16,-1.81E-15,-1.523299385,0.488817411,-1.034481974
fritsoe1,7,4.640591906,-0.003882771,-2.98E-15,1.18E-15,-1.80E-15,-1.701550366,0.67546522,-1.026085146
fritsoe1,8,5.458814788,-0.003172347,-3.50E-15,1.15E-15,-2.35E-15,-2.001565422,0.65730866,-1.344256762
fritsoe1,9,6.055324645,-0.003535972,-3.89E-15,1.24E-15,-2.64E-15,-2.220285703,0.71085441,-1.509431294
fritsoe2,1,-0.121633593,0.009220849,7.80E-17,-1.21E-15,-1.14E-15,0.044598984,-0.694217524,-0.64961854
fritsoe2,2,0.067947153,0.008850472,-4.36E-17,-1.16E-15,-1.20E-15,-0.024913956,-0.66195937,-0.686873326
fritsoe2,3,0.407760494,0.005374177,-2.62E-16,-6.42E-16,-9.04E-16,-0.149512181,-0.367123864,-0.516636045
fritsoe2,4,0.846557329,0.00273477,-5.43E-16,-1.91E-16,-7.34E-16,-0.310404354,-0.108861784,-0.419266138
fritsoe2,5,1.277577839,0.001195113,-8.20E-16,5.04E-17,-7.69E-16,-0.468445208,0.028794518,-0.43965069
fritsoe2,6,1.340213216,0.001502667,-8.60E-16,7.24E-18,-8.53E-16,-0.491411512,0.004138233,-0.487273279
fritsoe2,7,1.891877146,-0.001220103,-1.21E-15,4.41E-16,-7.73E-16,-0.693688287,0.252063716,-0.441624571
fritsoe2,8,1.87976051,0.001663222,-1.21E-15,-3.35E-18,-1.21E-15,-0.68924552,-0.001912905,-0.691158425
fritsoe2,9,1.765240197,0.002593929,-1.13E-15,-1.46E-16,-1.28E-15,-0.647254739,-0.083534687,-0.730789426
furesdal,1,0.931645783,-0.003231745,-5.98E-16,6.94E-16,9.63E-17,-0.341603454,0.396625917,0.055022463
furesdal,2,-0.019973566,0.00622877,1.28E-17,-6.35E-16,-6.22E-16,0.007323641,-0.362809811,-0.35548617
furesdal,3,1.166331333,-0.00675249,-7.48E-16,1.15E-15,3.97E-16,-0.427654822,0.654527099,0.226872277
furesdal,4,1.489269361,-0.00540383,-9.56E-16,1.11E-15,1.50E-16,-0.546065433,0.632035671,0.085970239
furesdal,5,1.110813002,-0.000407761,-7.13E-16,3.57E-16,-3.55E-16,-0.407298101,0.204238505,-0.203059596
furesdal,6,1.511736122,-0.00526905,-9.70E-16,9.84E-16,1.38E-17,-0.554303245,0.5622171,0.007913856
furesdal,7,1.522945404,-0.005975304,-9.77E-16,1.11E-15,1.33E-16,-0.558413315,0.634229872,0.075816557
furesdal,8,1.529946809,-0.006605955,-9.82E-16,1.17E-15,1.88E-16,-0.560980497,0.668194463,0.107213967
furesdal,9,1.662560951,-0.007625624,-1.07E-15,1.32E-15,2.56E-16,-0.609605682,0.755761915,0.146156233
halvard_pramhus,3,-1.507563371,0.011570989,9.67E-16,-1.99E-15,-1.02E-15,0.552773236,-1.134544034,-0.581770798
halvard_pramhus,4,-1.937117377,0.012105941,1.24E-15,-2.06E-15,-8.13E-16,0.710276371,-1.175052493,-0.464776122
halvard_pramhus,5,-1.84548345,0.011422765,1.18E-15,-1.95E-15,-7.67E-16,0.676677265,-1.115242911,-0.438565646
halvard_pramhus,6,-3.012110856,0.0151611,1.93E-15,-2.57E-15,-6.40E-16,1.104440647,-1.470014293,-0.365573645
halvard_pramhus,7,-3.72185608,0.016791744,2.39E-15,-2.87E-15,-4.78E-16,1.364680563,-1.63767359,-0.272993028
halvard_pramhus,8,-4.003504338,0.014040918,2.57E-15,-2.38E-15,1.93E-16,1.467951591,-1.357932323,0.110019267
hi_tydal,1,-0.55429954,0.002233234,3.56E-16,-3.77E-16,-2.13E-17,0.203243165,-0.215401914,-0.012158749
hi_tydal,2,-0.737997846,0.004072915,4.74E-16,-6.21E-16,-1.47E-16,0.27059921,-0.354622821,-0.084023611
hi_tydal,3,-0.468384419,0.002048136,3.01E-16,-3.41E-16,-4.03E-17,0.171740954,-0.194756603,-0.02301565
hi_tydal,4,-0.1772644,0.003029073,1.14E-16,-4.40E-16,-3.27E-16,0.064996947,-0.251594849,-0.186597902
hi_tydal,5,-0.029206224,0.000422837,1.87E-17,-1.01E-16,-8.18E-17,0.010708949,-0.057449402,-0.046740454
hi_tydal,6,-0.061761431,0.000325181,3.96E-17,-9.06E-17,-5.10E-17,0.022645858,-0.05179056,-0.029144702
hi_tydal,7,-0.404308717,-0.000286074,2.59E-16,-3.98E-18,2.55E-16,0.148246529,-0.002272903,0.145973627
hi_tydal,8,3.747909539,-0.017156461,-2.40E-15,2.41E-15,1.92E-18,-1.374233498,1.375328092,0.001094594
hi_tydal,9,2.980844399,-0.015003258,-1.91E-15,2.06E-15,1.50E-16,-1.09297628,1.178797913,0.085821633
hi_tydal,10,3.077995867,-0.016716039,-1.98E-15,2.26E-15,2.84E-16,-1.128598485,1.29076913,0.162170645
hi_tydal,11,4.015650756,-0.019743399,-2.58E-15,2.71E-15,1.34E-16,-1.472405277,1.549036466,0.076631189
kongsvinger_1,2,4.603693648,-0.029523312,-2.95E-15,4.39E-15,1.44E-15,-1.688021004,2.509945264,0.82192426
kongsvinger_1,3,4.699888795,-0.026576609,-3.02E-15,3.96E-15,9.48E-16,-1.723292558,2.264948506,0.541655947
kongsvinger_1,4,3.450860615,-0.016189223,-2.21E-15,2.38E-15,1.61E-16,-1.265315559,1.357341134,0.092025576
kongsvinger_1,5,5.950310514,-0.023907087,-3.82E-15,3.51E-15,-3.07E-16,-2.181780522,2.006192308,-0.175588214
kongsvinger_1,6,4.770743677,-0.017007724,-3.06E-15,2.46E-15,-6.01E-16,-1.749272682,1.405839572,-0.34343311
kongsvinger_1,7,0.363121832,-0.014507074,-2.33E-16,2.06E-15,1.82E-15,-0.133144672,1.174834798,1.041690126
kongsvinger_2,2,0.445535939,0.004178671,-2.86E-16,-3.72E-16,-6.58E-16,-0.163363178,-0.212832368,-0.376195546
kongsvinger_2,3,0.475270703,0.00234577,-3.05E-16,-1.96E-16,-5.01E-16,-0.174265924,-0.111844127,-0.286110052
kongsvinger_2,4,1.172540165,-0.002938859,-7.52E-16,5.19E-16,-2.34E-16,-0.429931394,0.296466526,-0.133464868
kongsvinger_2,5,1.097468916,-0.002744298,-7.04E-16,5.11E-16,-1.93E-16,-0.402405269,0.292134552,-0.110270718
kongsvinger_2,6,2.021940201,-0.007102946,-1.30E-15,1.17E-15,-1.28E-16,-0.741378074,0.668218598,-0.073159476
kongsvinger_2,7,1.749593277,-0.007421115,-1.12E-15,1.26E-15,1.41E-16,-0.641517535,0.722114084,0.080596549
kviteseid1,1,-0.381230343,0.001767399,2.45E-16,-4.11E-16,-1.66E-16,0.139784459,-0.23482468,-0.095040221
kviteseid1,2,-0.723728815,-0.000953033,4.64E-16,-3.54E-18,4.61E-16,0.265367232,-0.002022269,0.263344963
kviteseid1,3,-0.667014091,-0.002662454,4.28E-16,2.25E-16,6.53E-16,0.244571833,0.128363703,0.372935536
kviteseid1,4,-0.844664786,-0.001229589,5.42E-16,3.27E-17,5.75E-16,0.309710421,0.018690829,0.328401251
kviteseid1,5,-0.702573776,-0.00164017,4.51E-16,1.10E-16,5.61E-16,0.257610385,0.062973229,0.320583613
kviteseid1,6,-0.875136495,-0.000562179,5.62E-16,-5.36E-17,5.08E-16,0.320883382,-0.030653724,0.290229657
kviteseid1,7,-0.815091158,0.001368872,5.23E-16,-3.29E-16,1.94E-16,0.298866758,-0.187897579,0.110969179
kviteseid1,8,-0.700293144,0.001527249,4.49E-16,-3.56E-16,9.31E-17,0.256774153,-0.203570044,0.053204109
kviteseid1,9,-0.559521547,0.000887009,3.59E-16,-2.72E-16,8.67E-17,0.205157901,-0.155635398,0.049522502
kviteseid2,1,-0.511438367,-0.007906966,3.28E-16,6.85E-16,1.01E-15,0.187527401,0.391188164,0.578715565
kviteseid2,2,-0.442887375,-0.001655343,2.84E-16,1.12E-18,2.85E-16,0.162392038,0.000640778,0.163032816
kviteseid2,3,-0.698086204,0.000353609,4.48E-16,-2.49E-16,1.99E-16,0.255964941,-0.142092179,0.113872763
kviteseid2,4,-0.235234934,-0.003613737,1.51E-16,2.62E-16,4.13E-16,0.086252809,0.149906413,0.236159222
kviteseid2,5,-0.414116538,-0.002225425,2.66E-16,1.23E-16,3.89E-16,0.151842731,0.070223964,0.222066694
kviteseid2,6,-0.488465274,-0.001964943,3.13E-16,1.20E-16,4.34E-16,0.179103934,0.068796445,0.247900379
kviteseid2,7,-0.399279634,-0.002855354,2.56E-16,2.43E-16,5.00E-16,0.146402532,0.139027631,0.285430164
kviteseid2,8,-0.524482921,-0.00195421,3.37E-16,9.27E-17,4.29E-16,0.192310405,0.052987056,0.245297461
kviteseid2,9,-1.03375031,-0.000166171,6.63E-16,-1.74E-16,4.89E-16,0.37904178,-0.099440176,0.279601605
kviteseid3,1,1.095816544,-0.00435448,-7.03E-16,5.34E-16,-1.69E-16,-0.401799399,0.305244946,-0.096554454
kviteseid3,2,1.15615315,-0.005205623,-7.42E-16,6.63E-16,-7.89E-17,-0.423922822,0.378820431,-0.045102391
kviteseid3,3,1.485338888,-0.007275931,-9.53E-16,9.99E-16,4.61E-17,-0.544624259,0.570955059,0.0263308
kviteseid3,4,1.608968855,-0.009278865,-1.03E-15,1.29E-15,2.59E-16,-0.589955247,0.738064,0.148108753
kviteseid3,5,1.855203587,-0.010782103,-1.19E-15,1.55E-15,3.55E-16,-0.680241315,0.883194241,0.202952926
kviteseid3,6,2.051798366,-0.011630343,-1.32E-15,1.72E-15,4.05E-16,-0.752326068,0.983514367,0.2311883
kviteseid3,7,2.452220881,-0.012340448,-1.57E-15,1.85E-15,2.75E-16,-0.899147656,1.056167132,0.157019476
kviteseid3,8,3.070541088,-0.014858971,-1.97E-15,2.24E-15,2.67E-16,-1.125865066,1.278339681,0.152474615
kviteseid3,9,2.94585966,-0.015892127,-1.89E-15,2.40E-15,5.14E-16,-1.080148542,1.374031641,0.293883099
maarud_1,6,5.002530929,-0.012599366,-3.21E-15,2.26E-15,-9.54E-16,-1.83426134,1.289086072,-0.545175268
maarud_1,7,4.352386847,-0.011831211,-2.79E-15,2.16E-15,-6.34E-16,-1.595875177,1.233606256,-0.362268921
maarud_1,8,5.801132187,-0.01431258,-3.72E-15,2.58E-15,-1.15E-15,-2.127081802,1.471918145,-0.655163657
maarud_1,9,6.11971161,-0.013935551,-3.93E-15,2.50E-15,-1.43E-15,-2.243894257,1.429466787,-0.81442747
maarud_1,10,7.066731899,-0.015581061,-4.53E-15,2.77E-15,-1.77E-15,-2.59113503,1.582505138,-1.008629892
maarud_1,11,6.276414552,-0.013847196,-4.03E-15,2.46E-15,-1.56E-15,-2.301352003,1.408537618,-0.892814384
maarud_2,6,0.669893187,-0.002337612,-4.30E-16,3.72E-16,-5.81E-17,-0.245627502,0.212407692,-0.03321981
maarud_2,7,-0.033853479,0.002461349,2.17E-17,-3.63E-16,-3.42E-16,0.012412942,-0.207628795,-0.195215852
maarud_2,8,0.647119915,-0.001422706,-4.15E-16,2.64E-16,-1.51E-16,-0.237277302,0.151133933,-0.086143369
maarud_2,9,0.121807112,0.001175205,-7.82E-17,-9.84E-17,-1.77E-16,-0.044662608,-0.056215284,-0.100877892
maarud_2,10,0.234444677,0.002539672,-1.50E-16,-3.48E-16,-4.99E-16,-0.085963048,-0.199122907,-0.285085955
maarud_2,11,-1.096543918,0.006318235,7.04E-16,-9.74E-16,-2.70E-16,0.402066103,-0.556549597,-0.154483494
maarud_3,6,0.919657816,-0.006755025,-5.90E-16,9.41E-16,3.51E-16,-0.337207866,0.53780207,0.200594204
maarud_3,7,1.226120251,-0.007834226,-7.87E-16,1.07E-15,2.85E-16,-0.449577425,0.612243558,0.162666133
maarud_3,8,1.777370616,-0.009222179,-1.14E-15,1.31E-15,1.72E-16,-0.651702559,0.750259658,0.098557098
maarud_3,9,2.107679385,-0.008883358,-1.35E-15,1.28E-15,-7.37E-17,-0.772815775,0.73068118,-0.042134595
maarud_3,10,2.586697375,-0.007703513,-1.66E-15,1.09E-15,-5.67E-16,-0.948455704,0.624286544,-0.32416916
maarud_3,11,1.469789547,-0.00731692,-9.43E-16,1.01E-15,6.47E-17,-0.538922834,0.575876783,0.03695395
malvik,1,-0.38996982,0.002698939,2.50E-16,-2.18E-16,3.23E-17,0.142988934,-0.12454123,0.018447704
malvik,2,-0.258914378,0.00435448,1.66E-16,-3.83E-16,-2.17E-16,0.094935272,-0.219000884,-0.124065612
malvik,3,-0.327120352,0.004670125,2.10E-16,-3.97E-16,-1.87E-16,0.119944129,-0.226975687,-0.107031558
malvik,4,0.178809781,0.004349246,-1.15E-16,-3.92E-16,-5.07E-16,-0.065563586,-0.22391373,-0.289477316
malvik,5,0.190661395,0.005095199,-1.22E-16,-4.58E-16,-5.80E-16,-0.069909178,-0.261744743,-0.331653921
malvik,6,0.085362534,0.005856891,-5.48E-17,-5.51E-16,-6.05E-16,-0.031299596,-0.314696205,-0.345995801
malvik,7,1.26608082,0.003340837,-8.12E-16,-2.24E-16,-1.04E-15,-0.464229634,-0.128049598,-0.592279232
malvik,8,2.172207127,-0.004492158,-1.39E-15,7.22E-16,-6.71E-16,-0.796475947,0.412804508,-0.383671439
malvik,9,2.467527363,-0.003883037,-1.58E-15,6.63E-16,-9.21E-16,-0.904760033,0.378749132,-0.526010902
malvik,10,2.446883304,-0.006917614,-1.57E-15,1.04E-15,-5.28E-16,-0.897190545,0.5953294,-0.301861145
malvik,11,2.437645578,-0.004678636,-1.56E-15,7.85E-16,-7.79E-16,-0.893803379,0.448741623,-0.445061756
namdalseid_1kub,1,0.345041157,-0.00943206,-2.21E-16,9.33E-16,7.12E-16,-0.126515091,0.533218657,0.406703566
namdalseid_1kub,2,0.369654809,-0.000451149,-2.37E-16,-3.93E-17,-2.77E-16,-0.135540097,-0.022479867,-0.158019964
namdalseid_1kub,3,0.928114715,-0.003473896,-5.96E-16,3.24E-16,-2.72E-16,-0.340308729,0.184918222,-0.155390507
namdalseid_1kub,4,1.329246353,-0.003935154,-8.53E-16,4.14E-16,-4.39E-16,-0.487390329,0.236563634,-0.250826695
namdalseid_1kub,5,2.059054222,-0.008239122,-1.32E-15,9.39E-16,-3.82E-16,-0.754986548,0.536809315,-0.218177233
namdalseid_1kub,6,3.336544809,-0.011591683,-2.14E-15,1.35E-15,-7.92E-16,-1.223399763,0.770691484,-0.452708279
namdalseid_1kub,7,2.92573837,-0.012611352,-1.88E-15,1.47E-15,-4.05E-16,-1.072770736,0.84114755,-0.231623186
namdalseid_1kub,8,3.900003656,-0.017966562,-2.50E-15,2.16E-15,-3.46E-16,-1.430001341,1.232154492,-0.197846848
namdalseid_1kub,9,4.360150594,-0.019628084,-2.80E-15,2.38E-15,-4.14E-16,-1.598721885,1.361971787,-0.236750098
namdalseid_1kub,10,4.936191251,-0.020429359,-3.17E-15,2.48E-15,-6.86E-16,-1.809936792,1.417855735,-0.392081057
namdalseid_1kub,11,3.652133269,-0.01710827,-2.34E-15,2.12E-15,-2.19E-16,-1.339115532,1.214204567,-0.124910965
nes_1,2,3.732935124,-0.024597308,-2.40E-15,3.91E-15,1.52E-15,-1.368742879,2.236785639,0.86804276
nes_1,3,4.261606953,-0.02592668,-2.73E-15,4.15E-15,1.41E-15,-1.562589216,2.36884167,0.806252454
nes_1,4,5.052271438,-0.027581347,-3.24E-15,4.41E-15,1.16E-15,-1.852499527,2.517147655,0.664648128
nes_1,5,4.961487468,-0.027234263,-3.18E-15,4.35E-15,1.17E-15,-1.819212072,2.487671765,0.668459693
nes_1,6,7.619956883,-0.035755735,-4.89E-15,5.72E-15,8.26E-16,-2.793984191,3.265961689,0.471977498
nes_1,7,9.357205073,-0.033534304,-6.00E-15,5.35E-15,-6.49E-16,-3.430975193,3.0599531,-0.371022093
nes_2,2,-1.801652229,0.008662553,1.16E-15,-1.57E-15,-4.17E-16,0.660605817,-0.899076471,-0.238470654
nes_2,3,-1.859884539,0.00862046,1.19E-15,-1.53E-15,-3.37E-16,0.681957664,-0.874272648,-0.192314984
nes_2,4,-1.446001885,0.00654336,9.28E-16,-1.21E-15,-2.82E-16,0.530200691,-0.691481307,-0.161280616
nes_2,5,-5.085478443,0.018396743,3.26E-15,-3.17E-15,8.82E-17,1.864675429,-1.814257744,0.050417685
nes_2,6,-6.952020719,0.018320138,4.46E-15,-3.16E-15,1.30E-15,2.549074264,-1.805147444,0.743926819
nes_2,7,-9.67451362,0.020721931,6.21E-15,-3.58E-15,2.62E-15,3.547321661,-2.047945091,1.49937657
nome_cappelen1,1,0.409506047,-0.004920186,-2.63E-16,8.25E-16,5.63E-16,-0.150152217,0.47166933,0.321517112
nome_cappelen1,2,-0.210732293,0.000961006,1.35E-16,-3.96E-17,9.57E-17,0.077268507,-0.022606012,0.054662496
nome_cappelen1,3,0.336548451,-0.007615375,-2.16E-16,1.13E-15,9.13E-16,-0.123401099,0.645090291,0.521689192
nome_cappelen1,4,0.134242838,-0.00505755,-8.61E-17,8.04E-16,7.18E-16,-0.049222374,0.459293,0.410070626
nome_cappelen1,5,-0.033435955,-0.004063799,2.15E-17,6.03E-16,6.24E-16,0.01225985,0.344499083,0.356758933
nome_cappelen1,6,-0.143444833,-0.002850383,9.20E-17,4.56E-16,5.48E-16,0.052596439,0.260775197,0.313371636
nome_cappelen1,7,-0.166602292,-0.003535888,1.07E-16,5.85E-16,6.92E-16,0.061087507,0.334138879,0.395226386
nome_cappelen1,8,-0.049618433,-0.003386831,3.18E-17,5.88E-16,6.20E-16,0.018193425,0.336251031,0.354444456
nome_cappelen1,9,-0.602077907,-0.002265937,3.86E-16,4.07E-16,7.94E-16,0.220761899,0.232847744,0.453609643
nome_cappelen2,1,0.033514414,0.000125957,-2.15E-17,-4.81E-17,-6.96E-17,-0.012288619,-0.027461151,-0.03974977
nome_cappelen2,2,0.228351818,-0.00064164,-1.47E-16,9.52E-17,-5.13E-17,-0.083729,0.054392065,-0.029336935
nome_cappelen2,3,0.377164674,-7.39E-06,-2.42E-16,1.36E-17,-2.28E-16,-0.138293714,0.007783253,-0.130510461
nome_cappelen2,4,0.25479917,0.000141137,-1.63E-16,-6.07E-18,-1.70E-16,-0.093426362,-0.003468766,-0.096895129
nome_cappelen2,5,0.387715159,0.00140458,-2.49E-16,-1.64E-16,-4.13E-16,-0.142162225,-0.093726487,-0.235888712
nome_cappelen2,6,0.584970631,0.00133083,-3.75E-16,-1.37E-16,-5.12E-16,-0.214489231,-0.07817809,-0.292667321
nome_cappelen2,7,0.851413243,0.000122469,-5.46E-16,4.36E-17,-5.03E-16,-0.312184856,0.024896848,-0.287288008
nome_cappelen2,8,1.337446174,-0.001119396,-8.58E-16,2.37E-16,-6.22E-16,-0.490396931,0.135250409,-0.355146521
nome_cappelen2,9,1.61634767,-0.002180565,-1.04E-15,4.16E-16,-6.21E-16,-0.592660812,0.237963601,-0.354697211
notodden1,1,0.094072334,-0.001012736,-6.04E-17,1.41E-16,8.02E-17,-0.034493189,0.080309023,0.045815833
notodden1,2,0.16529878,-0.000505089,-1.06E-16,1.09E-16,3.22E-18,-0.060609553,0.062447172,0.001837619
notodden1,3,0.271993709,-0.001469175,-1.75E-16,2.60E-16,8.59E-17,-0.099731026,0.148838537,0.049107511
notodden1,4,0.56278966,-0.003323658,-3.61E-16,5.32E-16,1.71E-16,-0.206356209,0.303885661,0.097529452
notodden1,5,1.736751486,-0.006218242,-1.11E-15,1.00E-15,-1.13E-16,-0.636808878,0.572265923,-0.064542955
notodden1,6,1.752737643,-0.007651418,-1.12E-15,1.28E-15,1.59E-16,-0.642670469,0.733262766,0.090592297
notodden1,7,2.072550473,-0.007816476,-1.33E-15,1.34E-15,1.11E-17,-0.759935174,0.766287319,0.006352146
notodden1,8,2.109926447,-0.008888683,-1.35E-15,1.51E-15,1.57E-16,-0.773639697,0.863425521,0.089785824
notodden1,9,2.802166362,-0.010554318,-1.80E-15,1.80E-15,1.06E-18,-1.027460999,1.028065076,0.000604077
notodden3,1,-0.190355922,-8.94E-05,1.22E-16,-1.13E-16,8.67E-18,0.069797172,-0.064840842,0.004956329
notodden3,2,-0.345397749,0.000253366,2.22E-16,-1.51E-16,7.10E-17,0.126645841,-0.086061266,0.040584575
notodden3,3,-0.400307153,0.001225634,2.57E-16,-2.61E-16,-4.47E-18,0.146779289,-0.149335155,-0.002555866
notodden3,4,-0.333209664,0.000696201,2.14E-16,-1.75E-16,3.90E-17,0.122176877,-0.099890422,0.022286454
notodden3,5,-0.358025297,0.000916074,2.30E-16,-2.10E-16,1.96E-17,0.131275942,-0.120090091,0.011185851
notodden3,6,-0.648242006,0.001923049,4.16E-16,-3.52E-16,6.43E-17,0.237688736,-0.200937669,0.036751066
notodden3,7,-1.502960451,0.006197803,9.64E-16,-1.02E-15,-5.49E-17,0.551085499,-0.58243112,-0.031345621
notodden3,8,-2.400762384,0.010988745,1.54E-15,-1.69E-15,-1.46E-16,0.880279541,-0.963445705,-0.083166165
notodden3,9,-2.294416835,0.012245917,1.47E-15,-1.91E-15,-4.40E-16,0.841286173,-1.092505229,-0.251219057
notodden4,1,-0.414703342,0.011583863,2.66E-16,-1.48E-15,-1.21E-15,0.152057892,-0.846174496,-0.694116604
notodden4,2,0.376760353,-0.004971106,-2.42E-16,5.78E-16,3.36E-16,-0.138145463,0.330117992,0.19197253
notodden4,3,0.783084948,-0.006282952,-5.02E-16,8.33E-16,3.31E-16,-0.287131147,0.476019987,0.188888839
notodden4,4,1.189603561,-0.00716691,-7.63E-16,9.74E-16,2.11E-16,-0.436187972,0.556737239,0.120549267
notodden4,5,1.518782781,-0.006540215,-9.75E-16,8.92E-16,-8.23E-17,-0.55688702,0.509846989,-0.047040031
notodden4,6,1.977170658,-0.005518834,-1.27E-15,7.73E-16,-4.95E-16,-0.724962575,0.441972055,-0.282990519
notodden4,7,1.764652336,-0.003635705,-1.13E-15,5.81E-16,-5.52E-16,-0.64703919,0.331892887,-0.315146303
notodden4,8,2.047330408,-0.005562293,-1.31E-15,8.81E-16,-4.32E-16,-0.750687816,0.503588301,-0.247099515
notodden4,9,2.875399163,-0.008227782,-1.85E-15,1.24E-15,-6.09E-16,-1.054313026,0.706206044,-0.348106982
notodden5,1,4.468904252,-0.039140168,-2.87E-15,5.75E-15,2.89E-15,-1.638598226,3.288421478,1.649823252
notodden5,2,4.523626363,-0.037587308,-2.90E-15,5.54E-15,2.64E-15,-1.658663,3.165788871,1.507125871
notodden5,3,2.781150709,-0.027105651,-1.78E-15,3.97E-15,2.18E-15,-1.01975526,2.267875317,1.248120057
notodden5,4,3.445399911,-0.030800381,-2.21E-15,4.52E-15,2.31E-15,-1.263313301,2.584593445,1.321280144
notodden5,5,3.690854755,-0.033004537,-2.37E-15,4.83E-15,2.47E-15,-1.35331341,2.761916185,1.408602775
notodden5,6,4.560660359,-0.038179197,-2.93E-15,5.59E-15,2.67E-15,-1.672242131,3.195708204,1.523466072
notodden5,7,4.149413716,-0.032406477,-2.66E-15,4.75E-15,2.09E-15,-1.521451696,2.716255238,1.194803542
notodden5,8,4.045736068,-0.030951564,-2.60E-15,4.52E-15,1.92E-15,-1.483436558,2.580665059,1.097228501
notodden5,9,3.851820638,-0.027518735,-2.47E-15,4.01E-15,1.54E-15,-1.412334234,2.291518637,0.879184403
notodden6,1,-0.125986421,0.006077572,8.08E-17,-8.13E-16,-7.32E-16,0.046195021,-0.46428796,-0.418092939
notodden6,2,-0.092021372,0.005587525,5.90E-17,-7.20E-16,-6.61E-16,0.03374117,-0.41148643,-0.37774526
notodden6,3,-0.434749549,0.003408272,2.79E-16,-4.01E-16,-1.22E-16,0.159408168,-0.22907226,-0.069664092
notodden6,4,-0.343617344,0.003334765,2.20E-16,-3.65E-16,-1.45E-16,0.125993026,-0.208590718,-0.082597692
notodden6,5,-0.281554449,0.003567559,1.81E-16,-4.26E-16,-2.46E-16,0.103236631,-0.243664314,-0.140427682
notodden6,6,-0.40782577,0.004316306,2.62E-16,-5.30E-16,-2.69E-16,0.149536116,-0.303068569,-0.153532453
notodden6,7,-0.817223823,0.008400596,5.24E-16,-1.15E-15,-6.26E-16,0.299648735,-0.657574788,-0.357926053
notodden6,8,-1.081354158,0.008529801,6.94E-16,-1.16E-15,-4.61E-16,0.396496525,-0.660160364,-0.263663839
notodden6,9,-1.545974402,0.010600342,9.92E-16,-1.44E-15,-4.51E-16,0.566857281,-0.824305164,-0.257447883
nsb_verdal,1,-0.254035475,0.00125071,1.63E-16,-1.93E-16,-2.98E-17,0.093146341,-0.11015405,-0.017007709
nsb_verdal,2,-0.27731724,0.002601122,1.78E-16,-3.35E-16,-1.57E-16,0.101682988,-0.191213327,-0.089530339
nsb_verdal,3,-0.562979035,0.004385927,3.61E-16,-5.67E-16,-2.05E-16,0.206425646,-0.323746009,-0.117320363
nsb_verdal,4,-0.847737094,0.004341638,5.44E-16,-5.69E-16,-2.54E-17,0.310836934,-0.325352489,-0.014515554
nsb_verdal,5,-1.178313073,0.006000494,7.56E-16,-7.77E-16,-2.14E-17,0.432048127,-0.444257372,-0.012209245
nsb_verdal,6,-1.70429015,0.007066982,1.09E-15,-9.28E-16,1.65E-16,0.624906389,-0.530395405,0.094510983
nsb_verdal,7,-2.003835778,0.006447834,1.29E-15,-8.44E-16,4.42E-16,0.734739785,-0.482270337,0.252469448
nsb_verdal,8,-2.958582889,0.007467724,1.90E-15,-9.85E-16,9.14E-16,1.084813726,-0.562612791,0.522200935
nsb_verdal,9,-4.083348565,0.007661495,2.62E-15,-1.01E-15,1.61E-15,1.497227807,-0.575213718,0.92201409
nsb_verdal,10,-4.255304621,0.007774369,2.73E-15,-1.02E-15,1.71E-15,1.560278361,-0.580563167,0.979715194
nsb_verdal,11,-5.399012529,0.010323972,3.46E-15,-1.36E-15,2.11E-15,1.979637927,-0.775624784,1.204013143
selbu_flub,1,0.108817113,0.005924486,-6.98E-17,-6.09E-16,-6.78E-16,-0.039899608,-0.347729038,-0.387628646
selbu_flub,2,0.271919105,0.005068631,-1.74E-16,-4.91E-16,-6.65E-16,-0.099703672,-0.280404923,-0.380108595
selbu_flub,3,0.367920323,0.003544784,-2.36E-16,-3.48E-16,-5.84E-16,-0.134904118,-0.198729455,-0.333633573
selbu_flub,4,-0.388692361,0.00393512,2.49E-16,-4.35E-16,-1.86E-16,0.142520532,-0.248619041,-0.106098509
selbu_flub,5,-0.643831933,0.006638398,4.13E-16,-7.43E-16,-3.29E-16,0.236071709,-0.424335584,-0.188263875
selbu_flub,6,-1.95196537,0.009851046,1.25E-15,-1.20E-15,5.11E-17,0.715720636,-0.686532583,0.029188053
selbu_flub,7,-0.286077546,0.00496237,1.84E-16,-5.45E-16,-3.62E-16,0.1048951,-0.311503631,-0.206608531
selbu_flub,8,-0.391720054,-0.001092881,2.51E-16,2.85E-16,5.36E-16,0.143630686,0.162622532,0.306253219
selbu_flub,9,1.882381118,-0.016968838,-1.21E-15,2.36E-15,1.15E-15,-0.69020641,1.346576889,0.656370479
selbu_flub,10,2.984664668,0.010767098,-1.92E-15,-1.03E-15,-2.94E-15,-1.094377045,-0.586351188,-1.680728233
selbu_flub,11,1.043596207,-0.008544108,-6.70E-16,1.26E-15,5.95E-16,-0.382651943,0.722616534,0.339964592
selbu_kl,1,-1.238003079,-0.001924553,7.94E-16,8.05E-17,8.75E-16,0.453934462,0.046004189,0.499938651
selbu_kl,2,-0.547799438,-0.004057674,3.52E-16,4.62E-16,8.14E-16,0.200859794,0.264018888,0.464878682
selbu_kl,3,-0.587374479,0.00081313,3.77E-16,2.10E-17,3.98E-16,0.215370642,0.011972377,0.227343019
selbu_kl,4,-1.476958771,0.000304241,9.48E-16,-4.84E-17,8.99E-16,0.541551549,-0.027680072,0.513871477
selbu_kl,5,-1.242291339,-0.001764629,7.97E-16,2.23E-16,1.02E-15,0.455506824,0.12766146,0.583168284
selbu_kl,6,-2.201725125,0.000754255,1.41E-15,-1.27E-16,1.29E-15,0.807299213,-0.072811289,0.734487924
selbu_kl,7,-1.162139479,-0.005459618,7.46E-16,6.82E-16,1.43E-15,0.426117809,0.389452543,0.815570352
selbu_kl,8,-0.495439595,-0.009368841,3.18E-16,1.18E-15,1.50E-15,0.181661185,0.676053666,0.857714851
selbu_kl,9,-0.546793979,-0.008269924,3.51E-16,1.03E-15,1.38E-15,0.200491126,0.587597725,0.788088851
selbu_kl,10,0.267787771,-0.009323298,-1.72E-16,1.17E-15,1.00E-15,-0.098188849,0.669416114,0.571227264
selbu_kl,11,0.72055066,-0.013236638,-4.62E-16,1.72E-15,1.25E-15,-0.264201909,0.980421789,0.71621988
selbu_sl,1,-0.034139306,0.010769906,2.19E-17,-1.17E-15,-1.15E-15,0.012517746,-0.66980998,-0.657292234
selbu_sl,2,-0.04761689,0.004415417,3.06E-17,-4.79E-16,-4.49E-16,0.017459526,-0.273874349,-0.256414823
selbu_sl,3,0.065563603,0.00138996,-4.21E-17,-1.31E-16,-1.73E-16,-0.024039988,-0.075042059,-0.099082046
selbu_sl,4,0.177211718,0.000574427,-1.14E-16,-3.60E-17,-1.50E-16,-0.06497763,-0.020572848,-0.085550478
selbu_sl,5,-0.080213163,0.000950891,5.15E-17,-1.11E-16,-5.97E-17,0.029411493,-0.06355016,-0.034138667
selbu_sl,6,-0.05492636,0.000838628,3.52E-17,-7.45E-17,-3.93E-17,0.020139665,-0.04257653,-0.022436865
selbu_sl,7,0.429876726,-0.005464325,-2.76E-16,7.17E-16,4.41E-16,-0.157621466,0.409433284,0.251811818
selbu_sl,8,1.165387326,-0.008644581,-7.48E-16,1.19E-15,4.47E-16,-0.427308686,0.682456901,0.255148215
selbu_sl,9,1.477575171,-0.004824785,-9.48E-16,7.92E-16,-1.56E-16,-0.541777563,0.452600012,-0.08917755
selbu_sl,10,-0.188066726,-0.000191125,1.21E-16,1.90E-16,3.10E-16,0.0689578,0.108391452,0.177349252
selbu_sl,11,0.352486591,-0.001994077,-2.26E-16,4.13E-16,1.87E-16,-0.129245084,0.236216552,0.106971468
singsaas,1,0.006101552,-0.012219109,-3.92E-18,1.48E-15,1.48E-15,-0.002237236,0.845966878,0.843729642
singsaas,2,-0.040477868,-0.014148506,2.60E-17,1.50E-15,1.53E-15,0.014841885,0.859337979,0.874179864
singsaas,3,0.201212504,-0.011348007,-1.29E-16,1.43E-15,1.30E-15,-0.073777918,0.817827466,0.744049548
singsaas,4,-0.138196771,-0.007821886,8.87E-17,1.02E-15,1.10E-15,0.050672149,0.580192296,0.630864445
singsaas,5,-0.037475253,-0.00663997,2.40E-17,9.68E-16,9.92E-16,0.013740926,0.553123063,0.566863989
singsaas,6,-0.053651119,-0.006850211,3.44E-17,9.22E-16,9.56E-16,0.019672077,0.526751029,0.546423106
singsaas,7,-0.1754129,-0.005266685,1.13E-16,7.29E-16,8.42E-16,0.064318063,0.416547159,0.480865223
singsaas,8,-1.121134557,-0.000808747,7.19E-16,1.63E-16,8.82E-16,0.411082671,0.092919644,0.504002315
singsaas,9,-0.770739946,-0.001887543,4.95E-16,3.01E-16,7.96E-16,0.282604647,0.171977326,0.454581973
singsaas,10,-0.764859857,-0.001840132,4.91E-16,2.35E-16,7.26E-16,0.280448614,0.134134677,0.414583291
singsaas,11,-1.012852827,-0.000736408,6.50E-16,1.19E-16,7.69E-16,0.37137937,0.068271818,0.439651188
sl_tydal,1,0.12375017,-0.001660818,-7.94E-17,2.00E-16,1.20E-16,-0.045375062,0.114020898,0.068645836
sl_tydal,2,0.396411137,0.00040749,-2.54E-16,6.65E-17,-1.88E-16,-0.14535075,0.037979848,-0.107370903
sl_tydal,3,0.781175604,-0.001918085,-5.01E-16,3.74E-16,-1.27E-16,-0.286431055,0.213624401,-0.072806654
sl_tydal,4,1.235585209,-0.002673997,-7.93E-16,5.42E-16,-2.51E-16,-0.45304791,0.309852764,-0.143195146
sl_tydal,5,1.012961856,-0.00649394,-6.50E-16,8.81E-16,2.31E-16,-0.371419347,0.503199502,0.131780155
sl_tydal,6,1.654053403,-0.011221145,-1.06E-15,1.52E-15,4.63E-16,-0.606486248,0.870860403,0.264374156
sl_tydal,7,2.319702141,-0.015206597,-1.49E-15,2.05E-15,5.62E-16,-0.850557452,1.171574933,0.321017481
sl_tydal,8,3.35943843,-0.021477132,-2.16E-15,2.86E-15,7.05E-16,-1.231794091,1.634732792,0.402938702
sl_tydal,9,3.755467152,-0.020381843,-2.41E-15,2.80E-15,3.93E-16,-1.377004622,1.601651045,0.224646422
sl_tydal,10,4.75332227,-0.022679305,-3.05E-15,3.13E-15,7.80E-17,-1.742884832,1.787432199,0.044547366
sl_tydal,11,5.863454958,-0.022932301,-3.76E-15,3.20E-15,-5.64E-16,-2.149933485,1.827544365,-0.32238912
sorum_1,2,0.261647829,0.00125861,-1.68E-16,-2.02E-16,-3.70E-16,-0.095937537,-0.115365168,-0.211302705
sorum_1,3,0.857449207,-0.001892376,-5.50E-16,3.76E-16,-1.74E-16,-0.314398042,0.215114827,-0.099283215
sorum_1,4,1.426833078,-0.004742627,-9.16E-16,8.86E-16,-2.96E-17,-0.523172129,0.506234467,-0.016937662
sorum_1,5,2.193853563,-0.006926545,-1.41E-15,1.30E-15,-1.08E-16,-0.804412973,0.742623883,-0.06178909
sorum_1,6,2.840067388,-0.007605183,-1.82E-15,1.39E-15,-4.33E-16,-1.041358042,0.794012367,-0.247345676
sorum_1,7,3.01034266,-0.007523455,-1.93E-15,1.41E-15,-5.26E-16,-1.103792309,0.803468762,-0.300323546
stangeskovene_aurskog,3,0.506344124,-0.000338366,-3.25E-16,-8.81E-17,-4.13E-16,-0.185659512,-0.050358445,-0.236017957
stangeskovene_aurskog,4,0.255337626,0.000652121,-1.64E-16,-2.01E-16,-3.64E-16,-0.093623796,-0.114627949,-0.208251745
stangeskovene_aurskog,5,0.304771897,0.000597039,-1.96E-16,-2.20E-16,-4.15E-16,-0.111749696,-0.125545132,-0.237294828
stangeskovene_aurskog,6,0.121929316,0.002037149,-7.82E-17,-4.46E-16,-5.24E-16,-0.044707416,-0.254626826,-0.299334242
stangeskovene_aurskog,7,1.163952957,-0.003125581,-7.47E-16,4.55E-16,-2.92E-16,-0.426782751,0.259777096,-0.167005655
stangeskovene_aurskog,8,-0.032700195,-0.000174244,2.10E-17,-3.77E-18,1.72E-17,0.011990072,-0.002154695,0.009835377
stangeskovene_eidskog,3,-0.937902779,0.015470691,6.02E-16,-2.53E-15,-1.93E-15,0.343897686,-1.445893634,-1.101995948
stangeskovene_eidskog,4,-1.178001858,0.015183075,7.56E-16,-2.46E-15,-1.71E-15,0.431934015,-1.406512399,-0.974578385
stangeskovene_eidskog,5,-0.698103662,0.0086861,4.48E-16,-1.35E-15,-8.99E-16,0.255971343,-0.769557482,-0.513586139
stangeskovene_eidskog,6,-0.462582671,0.008465068,2.97E-16,-1.40E-15,-1.10E-15,0.169613646,-0.800560342,-0.630946696
stangeskovene_eidskog,7,-0.177280777,0.006861984,1.14E-16,-1.12E-15,-1.01E-15,0.065002952,-0.640684237,-0.575681285
stangeskovene_eidskog,8,-0.017133322,0.004740139,1.10E-17,-7.30E-16,-7.19E-16,0.006282218,-0.417251395,-0.410969177
steinkjer_1bbb,1,-0.18342672,0.00138308,1.18E-16,-1.99E-16,-8.11E-17,0.067256464,-0.11361933,-0.046362866
steinkjer_1bbb,2,-0.04124472,0.000600013,2.65E-17,-1.21E-16,-9.44E-17,0.015123064,-0.069070082,-0.053947018
steinkjer_1bbb,3,-0.071833955,0.00034355,4.61E-17,-7.82E-17,-3.21E-17,0.026339117,-0.044682112,-0.018342995
steinkjer_1bbb,4,0.320381893,-0.000628395,-2.06E-16,2.27E-17,-1.83E-16,-0.117473361,0.012990967,-0.104482394
steinkjer_1bbb,5,0.472520055,-0.001178948,-3.03E-16,1.10E-16,-1.93E-16,-0.173257354,0.063111159,-0.110146195
steinkjer_1bbb,6,0.218991798,0.00029112,-1.41E-16,-4.58E-17,-1.86E-16,-0.080296993,-0.026149336,-0.106446329
steinkjer_1bbb,7,0.079756566,-0.00231184,-5.12E-17,2.83E-16,2.32E-16,-0.029244074,0.161758975,0.132514901
steinkjer_1bbb,8,-0.202037313,-0.003306047,1.30E-16,3.94E-16,5.24E-16,0.074080348,0.225225514,0.299305862
steinkjer_1bbb,9,-0.121401023,-0.002473036,7.79E-17,3.02E-16,3.80E-16,0.044513709,0.172601862,0.21711557
steinkjer_1bbb,10,0.61286062,-0.006492139,-3.93E-16,8.32E-16,4.39E-16,-0.224715561,0.475371663,0.250656103
steinkjer_1bbb,11,-0.708455752,-0.003546535,4.55E-16,4.49E-16,9.04E-16,0.259767109,0.256589077,0.516356186
steinkjer_2bbb,1,-0.742450635,0.003343109,4.76E-16,-3.88E-16,8.84E-17,0.272231899,-0.221730928,0.050500971
steinkjer_2bbb,2,-1.228984816,0.004623562,7.89E-16,-5.53E-16,2.35E-16,0.450627766,-0.316249909,0.134377857
steinkjer_2bbb,3,-1.712504359,0.004846356,1.10E-15,-5.56E-16,5.43E-16,0.627918265,-0.317433254,0.310485011
steinkjer_2bbb,4,-1.516367112,0.003810893,9.73E-16,-4.45E-16,5.28E-16,0.556001275,-0.25408091,0.301920364
steinkjer_2bbb,5,-1.634149508,0.007163855,1.05E-15,-8.15E-16,2.34E-16,0.599188153,-0.465689531,0.133498622
steinkjer_2bbb,6,-4.152065696,0.010478774,2.66E-15,-1.20E-15,1.47E-15,1.522424089,-0.68370695,0.838717139
steinkjer_2bbb,7,-2.383352268,0.009355156,1.53E-15,-1.06E-15,4.74E-16,0.873895832,-0.603164668,0.270731163
steinkjer_2bbb,8,-1.937877104,0.001874941,1.24E-15,-1.90E-16,1.05E-15,0.710554938,-0.108679989,0.601874949
steinkjer_2bbb,9,-2.548346264,0.001984403,1.64E-15,-2.11E-16,1.42E-15,0.93439363,-0.120810586,0.813583044
steinkjer_2bbb,10,-2.547838212,0.002334759,1.63E-15,-2.11E-16,1.42E-15,0.934207345,-0.120756271,0.813451073
steinkjer_2bbb,11,-1.956200901,0.014791419,1.26E-15,-1.67E-15,-4.14E-16,0.717273664,-0.953662736,-0.236389072
stig_dahlen,3,3.727821501,-0.01162477,-2.39E-15,2.24E-15,-1.57E-16,-1.366867884,1.277230043,-0.089637841
stig_dahlen,4,4.83522768,-0.01552637,-3.10E-15,2.91E-15,-1.97E-16,-1.772916816,1.660082926,-0.11283389
stig_dahlen,5,8.848191051,-0.027136936,-5.68E-15,4.93E-15,-7.49E-16,-3.244336719,2.816177848,-0.428158871
stig_dahlen,6,14.48539135,-0.037172669,-9.29E-15,6.67E-15,-2.62E-15,-5.31131016,3.81428047,-1.497029691
stig_dahlen,7,17.49701981,-0.037270091,-1.12E-14,6.69E-15,-4.54E-15,-6.415573932,3.82135158,-2.594222352
stig_dahlen,8,16.15435251,-0.03490698,-1.04E-14,6.29E-15,-4.08E-15,-5.923262587,3.591482631,-2.331779957
sub_namdalseid,1,0.029057692,-0.003223712,-1.86E-17,3.03E-16,2.85E-16,-0.010654487,0.17341349,0.162759003
sub_namdalseid,2,0.067574419,-0.001121946,-4.34E-17,1.19E-16,7.55E-17,-0.024777287,0.067939393,0.043162106
sub_namdalseid,3,0.369620504,-0.003072099,-2.37E-16,3.59E-16,1.22E-16,-0.135527518,0.205253199,0.069725681
sub_namdalseid,4,0.414925828,-0.003769211,-2.66E-16,4.35E-16,1.69E-16,-0.15213947,0.248701406,0.096561936
sub_namdalseid,5,0.350332394,-0.002828983,-2.25E-16,3.38E-16,1.13E-16,-0.128455211,0.193114301,0.06465909
sub_namdalseid,6,1.01713044,-0.006965661,-6.53E-16,8.39E-16,1.87E-16,-0.372947828,0.479566911,0.106619083
sub_namdalseid,7,1.386396943,-0.009317936,-8.90E-16,1.13E-15,2.41E-16,-0.508345546,0.646208137,0.137862591
sub_namdalseid,8,1.891554625,-0.012483409,-1.21E-15,1.50E-15,2.90E-16,-0.693570029,0.859092221,0.165522192
sub_namdalseid,9,2.054082848,-0.009882591,-1.32E-15,1.25E-15,-6.64E-17,-0.753163711,0.715234506,-0.037929205
sub_namdalseid,10,1.926916418,-0.008760746,-1.24E-15,1.12E-15,-1.21E-16,-0.70653602,0.637305822,-0.069230198
sub_namdalseid,11,1.995953224,-0.009001305,-1.28E-15,1.14E-15,-1.45E-16,-0.731849515,0.648988096,-0.082861419
truls_holm,3,1.105163396,0.00237464,-7.09E-16,-3.21E-16,-1.03E-15,-0.405226579,-0.183180675,-0.588407254
truls_holm,4,1.543060465,0.00163242,-9.90E-16,-1.67E-16,-1.16E-15,-0.565788837,-0.095226909,-0.661015746
truls_holm,5,1.580591975,-0.000224371,-1.01E-15,2.06E-16,-8.08E-16,-0.579550391,0.117552783,-0.461997608
truls_holm,6,3.455240195,-0.005184717,-2.22E-15,1.01E-15,-1.21E-15,-1.266921405,0.578348896,-0.688572508
truls_holm,7,2.193607777,-0.004092696,-1.41E-15,9.18E-16,-4.89E-16,-0.804322852,0.524688775,-0.279634077
truls_holm,8,1.930873496,-0.004279447,-1.24E-15,9.46E-16,-2.93E-16,-0.707986948,0.540473436,-0.167513512
verdal_1vb,1,0.100030673,-0.000930717,-6.42E-17,6.11E-17,-3.13E-18,-0.036677913,0.034889572,-0.001788342
verdal_1vb,2,-0.258198907,-0.000505715,1.66E-16,4.12E-17,2.07E-16,0.094672932,0.023546144,0.118219076
verdal_1vb,3,-0.13503516,-0.000668326,8.66E-17,5.69E-17,1.44E-16,0.049512892,0.032537081,0.082049973
verdal_1vb,4,0.068688739,-0.000382525,-4.41E-17,-2.98E-18,-4.71E-17,-0.025185871,-0.001702997,-0.026888868
verdal_1vb,5,-0.029891244,-0.002636594,1.92E-17,2.88E-16,3.08E-16,0.010960123,0.164759807,0.17571993
verdal_1vb,6,-0.262938018,-0.001046063,1.69E-16,2.07E-16,3.75E-16,0.096410606,0.118004388,0.214414994
verdal_1vb,7,0.005401436,-0.003050197,-3.47E-18,4.97E-16,4.94E-16,-0.001980527,0.284015596,0.282035069
verdal_1vb,8,0.428855406,-0.00429467,-2.75E-16,6.54E-16,3.78E-16,-0.157246982,0.37350481,0.216257828
verdal_1vb,9,0.442191296,-0.004705006,-2.84E-16,6.91E-16,4.07E-16,-0.162136809,0.394959846,0.232823038
verdal_1vb,10,0.294448601,-0.004474834,-1.89E-16,6.64E-16,4.75E-16,-0.107964487,0.379158591,0.271194104
verdal_1vb,11,0.089521387,-0.003634032,-5.74E-17,5.45E-16,4.88E-16,-0.032824509,0.311540646,0.278716137
verdal_2vb,1,-1.056215373,0.005219135,6.78E-16,-7.48E-16,-7.02E-17,0.38727897,-0.427366815,-0.040087845
verdal_2vb,2,-1.204932019,0.006001033,7.73E-16,-8.37E-16,-6.37E-17,0.441808407,-0.47823412,-0.036425713
verdal_2vb,3,-1.469989752,0.00719147,9.43E-16,-9.95E-16,-5.14E-17,0.538996242,-0.568371791,-0.029375549
verdal_2vb,4,-0.86453704,0.005100446,5.55E-16,-7.09E-16,-1.54E-16,0.316996915,-0.405012271,-0.088015356
verdal_2vb,5,-0.439414841,0.003791623,2.82E-16,-5.44E-16,-2.62E-16,0.161118775,-0.310740284,-0.149621509
verdal_2vb,6,-0.457831202,0.000777084,2.94E-16,-1.46E-16,1.48E-16,0.167871441,-0.083371177,0.084500264
verdal_2vb,7,-0.454567124,-0.002366637,2.92E-16,2.57E-16,5.49E-16,0.166674612,0.146979955,0.313654568
verdal_2vb,8,-1.244979413,0.001307302,7.99E-16,-2.18E-16,5.81E-16,0.456492451,-0.124775256,0.331717196
verdal_2vb,9,-2.075627452,0.005235821,1.33E-15,-6.91E-16,6.41E-16,0.761063399,-0.394991033,0.366072366
verdal_2vb,10,-1.447387542,0.002409232,9.29E-16,-3.10E-16,6.18E-16,0.530708765,-0.177417269,0.353291496
verdal_2vb,11,-1.848799144,0.001871301,1.19E-15,-2.42E-16,9.44E-16,0.677893019,-0.138206832,0.539686188