"","Treatment","Years_Since_Exclosure","Group","Month","Mean_Subplot_Albedo","SE","Season"
"1","B",1,"Composite",1,0.435648033329307,0.00182993872825813,"Winter"
"2","UB",1,"Composite",1,0.435956942898968,0.00227847481617009,"Winter"
"3","B",2,"Composite",1,0.430268396876165,0.00314568242599319,"Winter"
"4","UB",2,"Composite",1,0.432565946373793,0.00312115597903546,"Winter"
"5","B",3,"Composite",1,0.412994029627114,0.00405060048246446,"Winter"
"6","UB",3,"Composite",1,0.413632235479122,0.00397455362390969,"Winter"
"7","B",4,"Composite",1,0.41260566364933,0.00402697818703914,"Winter"
"8","UB",4,"Composite",1,0.412261551911268,0.00398189579445339,"Winter"
"9","B",5,"Composite",1,0.410351548466968,0.00402572735128215,"Winter"
"10","UB",5,"Composite",1,0.410069595603528,0.0039518809904899,"Winter"
"11","B",6,"Composite",1,0.409193099415643,0.00398437622383904,"Winter"
"12","UB",6,"Composite",1,0.408170794900695,0.00398742769953747,"Winter"
"13","B",7,"Composite",1,0.408344770609666,0.00405306873785272,"Winter"
"14","UB",7,"Composite",1,0.406794797273596,0.00403627282674343,"Winter"
"15","B",8,"Composite",1,0.410882706825785,0.00380313130443445,"Winter"
"16","UB",8,"Composite",1,0.405678151762109,0.00381662168632879,"Winter"
"17","B",9,"Composite",1,0.428564116688829,0.0018277550319408,"Winter"
"18","UB",9,"Composite",1,0.423830313792761,0.00194042355542588,"Winter"
"19","B",10,"Composite",1,0.420046715274965,0.00384748606258998,"Winter"
"20","UB",10,"Composite",1,0.411575775952044,0.00207454648461765,"Winter"
"21","B",11,"Composite",1,0.420251165578368,0.00209386462428136,"Winter"
"22","UB",11,"Composite",1,0.411880267130216,0.0021892114728699,"Winter"
"23","B",1,"Deciduous",1,0.458265792374585,0.00117225820025567,"Winter"
"24","UB",1,"Deciduous",1,0.459049896972659,0.001229181764364,"Winter"
"25","B",2,"Deciduous",1,0.452993191702704,0.00268460682965898,"Winter"
"26","UB",2,"Deciduous",1,0.452997611026714,0.00291833848591784,"Winter"
"27","B",3,"Deciduous",1,0.434785380106644,0.00436761938504795,"Winter"
"28","UB",3,"Deciduous",1,0.432379652577654,0.00462179019441904,"Winter"
"29","B",4,"Deciduous",1,0.43353219600067,0.00438214269007848,"Winter"
"30","UB",4,"Deciduous",1,0.430207870459681,0.00468765202121706,"Winter"
"31","B",5,"Deciduous",1,0.431849448392048,0.00440871756264338,"Winter"
"32","UB",5,"Deciduous",1,0.429150784885659,0.00468317045469529,"Winter"
"33","B",6,"Deciduous",1,0.430981540071103,0.00440299672754106,"Winter"
"34","UB",6,"Deciduous",1,0.427628319996857,0.00466407379826292,"Winter"
"35","B",7,"Deciduous",1,0.429481232767482,0.00441761927693276,"Winter"
"36","UB",7,"Deciduous",1,0.427539734059053,0.0046033191340171,"Winter"
"37","B",8,"Deciduous",1,0.430792629585244,0.00421837686453039,"Winter"
"38","UB",8,"Deciduous",1,0.426732764455077,0.00436426367427994,"Winter"
"39","B",9,"Deciduous",1,0.452311235244548,0.00161430728770024,"Winter"
"40","UB",9,"Deciduous",1,0.445457705773167,0.00214527240722877,"Winter"
"41","B",10,"Deciduous",1,0.439223402940794,0.00134983668933981,"Winter"
"42","UB",10,"Deciduous",1,0.428449184224768,0.00235391180112107,"Winter"
"43","B",11,"Deciduous",1,0.438719921908047,0.0012604458688834,"Winter"
"44","UB",11,"Deciduous",1,0.428550557618436,0.0023427776229573,"Winter"
"45","B",1,"Pine",1,0.42059946783155,0.00168882048508261,"Winter"
"46","UB",1,"Pine",1,0.420556885240157,0.00184320826144482,"Winter"
"47","B",2,"Pine",1,0.413521743920326,0.00359705369073847,"Winter"
"48","UB",2,"Pine",1,0.413148139260805,0.00400712568324107,"Winter"
"49","B",3,"Pine",1,0.392167005074627,0.00490515134274098,"Winter"
"50","UB",3,"Pine",1,0.398789556543437,0.00469308349536632,"Winter"
"51","B",4,"Pine",1,0.393329459234049,0.00459507489531503,"Winter"
"52","UB",4,"Pine",1,0.397877593388529,0.00453472361496577,"Winter"
"53","B",5,"Pine",1,0.390951799680906,0.00462898254902386,"Winter"
"54","UB",5,"Pine",1,0.393303533409308,0.00456816195909818,"Winter"
"55","B",6,"Pine",1,0.388984383526834,0.00461567314416883,"Winter"
"56","UB",6,"Pine",1,0.393168202532479,0.00455779306598237,"Winter"
"57","B",7,"Pine",1,0.386808927085196,0.00460003044462398,"Winter"
"58","UB",7,"Pine",1,0.392520522326153,0.00456562561864651,"Winter"
"59","B",8,"Pine",1,0.386358908849016,0.00459250621167988,"Winter"
"60","UB",8,"Pine",1,0.393255360206527,0.00436127615194862,"Winter"
"61","B",9,"Pine",1,0.409979865549071,0.00152875819712034,"Winter"
"62","UB",9,"Pine",1,0.411897654115592,0.00188548154438677,"Winter"
"63","B",10,"Pine",1,0.400950053842048,0.00111777720640742,"Winter"
"64","UB",10,"Pine",1,0.396895983889736,0.00186033722342085,"Winter"
"65","B",11,"Pine",1,0.400494460037556,0.00106745114096777,"Winter"
"66","UB",11,"Pine",1,0.395025827164498,0.00221537651674484,"Winter"
"67","B",1,"Spruce",1,0.397830897418212,0.00163049732468927,"Winter"
"68","UB",1,"Spruce",1,0.396891115767831,0.00172354472024145,"Winter"
"69","B",2,"Spruce",1,0.391756331120221,0.00253462715892991,"Winter"
"70","UB",2,"Spruce",1,0.390774408514062,0.00270140463430458,"Winter"
"71","B",3,"Spruce",1,0.381382624779764,0.00317930163540434,"Winter"
"72","UB",3,"Spruce",1,0.377789302095036,0.0033797413280299,"Winter"
"73","B",4,"Spruce",1,0.379143835665594,0.00321927360485159,"Winter"
"74","UB",4,"Spruce",1,0.373807095156187,0.0033807170033249,"Winter"
"75","B",5,"Spruce",1,0.376936598902255,0.00331243631253637,"Winter"
"76","UB",5,"Spruce",1,0.370400767677734,0.00338251080511567,"Winter"
"77","B",6,"Spruce",1,0.372899643270537,0.00342716648912738,"Winter"
"78","UB",6,"Spruce",1,0.366614406873875,0.0035593472501257,"Winter"
"79","B",7,"Spruce",1,0.370214562035007,0.00358769166720646,"Winter"
"80","UB",7,"Spruce",1,0.363246529043167,0.00359957372676135,"Winter"
"81","B",8,"Spruce",1,0.36883209537097,0.00368564647115314,"Winter"
"82","UB",8,"Spruce",1,0.362741403885288,0.00359625887710303,"Winter"
"83","B",9,"Spruce",1,0.378520662484706,0.00288179817622042,"Winter"
"84","UB",9,"Spruce",1,0.375571453508006,0.00255888137773187,"Winter"
"85","B",10,"Spruce",1,0.355954747768248,0.00351985577769827,"Winter"
"86","UB",10,"Spruce",1,0.358205762031685,0.00293208978119349,"Winter"
"87","B",11,"Spruce",1,0.353743364999173,0.0033015357931179,"Winter"
"88","UB",11,"Spruce",1,0.360012916932407,0.00283277081132281,"Winter"
"89","B",1,"Composite",2,0.459628713513758,0.001882171250266,"Winter"
"90","UB",1,"Composite",2,0.459779231519346,0.00238098176305837,"Winter"
"91","B",2,"Composite",2,0.456921161338576,0.00246638782303979,"Winter"
"92","UB",2,"Composite",2,0.45941158978377,0.00247430107568358,"Winter"
"93","B",3,"Composite",2,0.447254768710799,0.00266310797728615,"Winter"
"94","UB",3,"Composite",2,0.449657983989942,0.00240570870379986,"Winter"
"95","B",4,"Composite",2,0.446786369273049,0.00259588129817312,"Winter"
"96","UB",4,"Composite",2,0.448424765822712,0.0023477912642026,"Winter"
"97","B",5,"Composite",2,0.444810621761532,0.00259093232563419,"Winter"
"98","UB",5,"Composite",2,0.445414001507753,0.00237481185141657,"Winter"
"99","B",6,"Composite",2,0.443541671208706,0.0025606170670741,"Winter"
"100","UB",6,"Composite",2,0.443312960852881,0.00239802623330921,"Winter"
"101","B",7,"Composite",2,0.442823550035294,0.00261475132069858,"Winter"
"102","UB",7,"Composite",2,0.441591235248599,0.00248391173867861,"Winter"
"103","B",8,"Composite",2,0.443043899804197,0.00246089450872697,"Winter"
"104","UB",8,"Composite",2,0.437608277408956,0.00253616357778863,"Winter"
"105","B",9,"Composite",2,0.451085530575589,0.00196653938411496,"Winter"
"106","UB",9,"Composite",2,0.44544771676694,0.00218950486576402,"Winter"
"107","B",10,"Composite",2,0.438953891848892,0.00403085857839907,"Winter"
"108","UB",10,"Composite",2,0.429547377473312,0.0022557212328522,"Winter"
"109","B",11,"Composite",2,0.439135533342538,0.00219660338678074,"Winter"
"110","UB",11,"Composite",2,0.429858051303941,0.00237455004682935,"Winter"
"111","B",1,"Deciduous",2,0.480881087372807,0.0014123550646346,"Winter"
"112","UB",1,"Deciduous",2,0.481820944125514,0.00148138016609523,"Winter"
"113","B",2,"Deciduous",2,0.479103252835874,0.00162053937399634,"Winter"
"114","UB",2,"Deciduous",2,0.479520162336591,0.00173323565794351,"Winter"
"115","B",3,"Deciduous",2,0.471906438401677,0.00199560202830554,"Winter"
"116","UB",3,"Deciduous",2,0.470627252545164,0.00211764100316711,"Winter"
"117","B",4,"Deciduous",2,0.471032646591406,0.00198629205454259,"Winter"
"118","UB",4,"Deciduous",2,0.468874741019324,0.00215127460672818,"Winter"
"119","B",5,"Deciduous",2,0.470076330240203,0.00198602734528483,"Winter"
"120","UB",5,"Deciduous",2,0.467338177328085,0.00219795319033763,"Winter"
"121","B",6,"Deciduous",2,0.469471925919387,0.00197422930725232,"Winter"
"122","UB",6,"Deciduous",2,0.465432557517486,0.00222380703073866,"Winter"
"123","B",7,"Deciduous",2,0.468656025551367,0.00196378899224174,"Winter"
"124","UB",7,"Deciduous",2,0.464888467014668,0.002222790880534,"Winter"
"125","B",8,"Deciduous",2,0.466507884537865,0.00208154362305064,"Winter"
"126","UB",8,"Deciduous",2,0.460290578864681,0.00253340805076623,"Winter"
"127","B",9,"Deciduous",2,0.474145564931647,0.00188330541012101,"Winter"
"128","UB",9,"Deciduous",2,0.466371795362399,0.00246037310489328,"Winter"
"129","B",10,"Deciduous",2,0.458691283099401,0.00150851865525369,"Winter"
"130","UB",10,"Deciduous",2,0.446650485825727,0.00263062924045253,"Winter"
"131","B",11,"Deciduous",2,0.458128614639977,0.00140861937015359,"Winter"
"132","UB",11,"Deciduous",2,0.446763776312422,0.00261818616818786,"Winter"
"133","B",1,"Pine",2,0.44795462239013,0.00242596579257185,"Winter"
"134","UB",1,"Pine",2,0.447794332360715,0.00264285207551887,"Winter"
"135","B",2,"Pine",2,0.443276605008747,0.0029622120099223,"Winter"
"136","UB",2,"Pine",2,0.443300377277758,0.0032551356993297,"Winter"
"137","B",3,"Pine",2,0.429526859963405,0.00331345881864422,"Winter"
"138","UB",3,"Pine",2,0.433728760165042,0.0032714019831506,"Winter"
"139","B",4,"Pine",2,0.429640250129682,0.00311174867877011,"Winter"
"140","UB",4,"Pine",2,0.433086033877739,0.00314599037991873,"Winter"
"141","B",5,"Pine",2,0.427800106474429,0.00312419918779538,"Winter"
"142","UB",5,"Pine",2,0.429545611667648,0.0031015016836898,"Winter"
"143","B",6,"Pine",2,0.42598638066388,0.0031444198252435,"Winter"
"144","UB",6,"Pine",2,0.429232841441525,0.00311146875944204,"Winter"
"145","B",7,"Pine",2,0.423575081973259,0.00310212575709656,"Winter"
"146","UB",7,"Pine",2,0.428001086574148,0.00313025676402173,"Winter"
"147","B",8,"Pine",2,0.421971080483806,0.00316633864333623,"Winter"
"148","UB",8,"Pine",2,0.427147099508204,0.00311492090486061,"Winter"
"149","B",9,"Pine",2,0.435177224315429,0.00205123755945813,"Winter"
"150","UB",9,"Pine",2,0.437368301874209,0.00252298013892911,"Winter"
"151","B",10,"Pine",2,0.421001451977184,0.00126863668914979,"Winter"
"152","UB",10,"Pine",2,0.416400229253729,0.00211141544334059,"Winter"
"153","B",11,"Pine",2,0.420484369492039,0.00121151842562525,"Winter"
"154","UB",11,"Pine",2,0.414277669031085,0.00251437219627732,"Winter"
"155","B",1,"Spruce",2,0.422666488484228,0.00204577597019226,"Winter"
"156","UB",1,"Spruce",2,0.421767255837691,0.00213291634434419,"Winter"
"157","B",2,"Spruce",2,0.419425663703597,0.00218773172188664,"Winter"
"158","UB",2,"Spruce",2,0.418252261083684,0.0023167831771792,"Winter"
"159","B",3,"Spruce",2,0.412970035691839,0.00233480141351058,"Winter"
"160","UB",3,"Spruce",2,0.409932848624756,0.00242535858788159,"Winter"
"161","B",4,"Spruce",2,0.410623720111412,0.00240778333450446,"Winter"
"162","UB",4,"Spruce",2,0.405323358144653,0.00249223224855102,"Winter"
"163","B",5,"Spruce",2,0.408022439443359,0.00258771338645447,"Winter"
"164","UB",5,"Spruce",2,0.401893095223612,0.00256081106925966,"Winter"
"165","B",6,"Spruce",2,0.403420025712096,0.00286735172481483,"Winter"
"166","UB",6,"Spruce",2,0.397310853675485,0.00283711909199903,"Winter"
"167","B",7,"Spruce",2,0.400565294622341,0.00299431231551917,"Winter"
"168","UB",7,"Spruce",2,0.393734544719468,0.00291690944831333,"Winter"
"169","B",8,"Spruce",2,0.396526537412801,0.00340938932672909,"Winter"
"170","UB",8,"Spruce",2,0.390893152227348,0.00311638779935972,"Winter"
"171","B",9,"Spruce",2,0.400766826952645,0.0034107740724669,"Winter"
"172","UB",9,"Spruce",2,0.397362125873955,0.00302224062039889,"Winter"
"173","B",10,"Spruce",2,0.373386456067408,0.00397765149882208,"Winter"
"174","UB",10,"Spruce",2,0.375930239342723,0.00331344010931942,"Winter"
"175","B",11,"Spruce",2,0.370887458795527,0.00373093661368642,"Winter"
"176","UB",11,"Spruce",2,0.377972434493162,0.0032012036217137,"Winter"
"177","B",1,"Composite",3,0.456822218526989,0.0016067930701292,"Winter"
"178","UB",1,"Composite",3,0.45657778421395,0.00208721242216979,"Winter"
"179","B",2,"Composite",3,0.453294166404722,0.00237742800287961,"Winter"
"180","UB",2,"Composite",3,0.455511666066495,0.00228467893194884,"Winter"
"181","B",3,"Composite",3,0.442389852986325,0.00274777521485149,"Winter"
"182","UB",3,"Composite",3,0.444529462639387,0.00245720946526398,"Winter"
"183","B",4,"Composite",3,0.441874621316124,0.00271006103430072,"Winter"
"184","UB",4,"Composite",3,0.443090951154904,0.00242404875612771,"Winter"
"185","B",5,"Composite",3,0.43981805802576,0.00269026253097499,"Winter"
"186","UB",5,"Composite",3,0.440205963208331,0.00243517701076777,"Winter"
"187","B",6,"Composite",3,0.438421672525342,0.00267677858575298,"Winter"
"188","UB",6,"Composite",3,0.438045864569851,0.00248002368413536,"Winter"
"189","B",7,"Composite",3,0.437689261667125,0.0027577412758021,"Winter"
"190","UB",7,"Composite",3,0.436274174145905,0.00256160772622553,"Winter"
"191","B",8,"Composite",3,0.438093165566202,0.00252840716663559,"Winter"
"192","UB",8,"Composite",3,0.432324033809533,0.00247922172856879,"Winter"
"193","B",9,"Composite",3,0.447430697076004,0.00175881529948385,"Winter"
"194","UB",9,"Composite",3,0.441528089678366,0.00182891289354761,"Winter"
"195","B",10,"Composite",3,0.442474244996949,0.00406647499974387,"Winter"
"196","UB",10,"Composite",3,0.432659894062057,0.00232983378435891,"Winter"
"197","B",11,"Composite",3,0.442660022852665,0.00221079035398622,"Winter"
"198","UB",11,"Composite",3,0.432963487450727,0.00244762107513347,"Winter"
"199","B",1,"Deciduous",3,0.477507126856216,0.000625998555415372,"Winter"
"200","UB",1,"Deciduous",3,0.478065973500877,0.00064538119339991,"Winter"
"201","B",2,"Deciduous",3,0.474979718258565,0.00126701009074607,"Winter"
"202","UB",2,"Deciduous",3,0.475001093029169,0.00137595209211842,"Winter"
"203","B",3,"Deciduous",3,0.466541053586844,0.00201651805948604,"Winter"
"204","UB",3,"Deciduous",3,0.464877962534228,0.00215300628695521,"Winter"
"205","B",4,"Deciduous",3,0.465726659292083,0.00201715870147283,"Winter"
"206","UB",4,"Deciduous",3,0.46309798909356,0.00219598853402795,"Winter"
"207","B",5,"Deciduous",3,0.464726380626883,0.00202952998796198,"Winter"
"208","UB",5,"Deciduous",3,0.46156039276799,0.0022469144384933,"Winter"
"209","B",6,"Deciduous",3,0.464134355716809,0.00202736950043951,"Winter"
"210","UB",6,"Deciduous",3,0.459685703369171,0.00226715767824006,"Winter"
"211","B",7,"Deciduous",3,0.463281961502164,0.00203200729914258,"Winter"
"212","UB",7,"Deciduous",3,0.459096197464971,0.0022550062625602,"Winter"
"213","B",8,"Deciduous",3,0.461512877530164,0.00202124146351757,"Winter"
"214","UB",8,"Deciduous",3,0.454549330396939,0.00239048279062511,"Winter"
"215","B",9,"Deciduous",3,0.470497885205235,0.00131310091018519,"Winter"
"216","UB",9,"Deciduous",3,0.462222508189853,0.0019876698033648,"Winter"
"217","B",10,"Deciduous",3,0.462043796758363,0.00157986402065749,"Winter"
"218","UB",10,"Deciduous",3,0.44943353017236,0.00275504480783604,"Winter"
"219","B",11,"Deciduous",3,0.461454516903251,0.00147524000048419,"Winter"
"220","UB",11,"Deciduous",3,0.449552178730791,0.00274201324066984,"Winter"
"221","B",1,"Pine",3,0.441461499397305,0.00119350186684536,"Winter"
"222","UB",1,"Pine",3,0.441613306488653,0.00131047422125972,"Winter"
"223","B",2,"Pine",3,0.43639819334192,0.00253249883313147,"Winter"
"224","UB",2,"Pine",3,0.436390512021488,0.00282152828612745,"Winter"
"225","B",3,"Pine",3,0.421373968382861,0.00338883409733071,"Winter"
"226","UB",3,"Pine",3,0.42638383703952,0.00324922382512678,"Winter"
"227","B",4,"Pine",3,0.421828041900387,0.00318328163610351,"Winter"
"228","UB",4,"Pine",3,0.425546400840665,0.00313562381780419,"Winter"
"229","B",5,"Pine",3,0.419636777588601,0.00321937074670128,"Winter"
"230","UB",5,"Pine",3,0.42194398471749,0.00315620149181782,"Winter"
"231","B",6,"Pine",3,0.41760320112456,0.00325810234887125,"Winter"
"232","UB",6,"Pine",3,0.421564962113544,0.00316605560702364,"Winter"
"233","B",7,"Pine",3,0.415235982326323,0.00325380071469466,"Winter"
"234","UB",7,"Pine",3,0.420393039851306,0.00320213888457331,"Winter"
"235","B",8,"Pine",3,0.413790091632982,0.00326272263673106,"Winter"
"236","UB",8,"Pine",3,0.419758921609317,0.00307852882276403,"Winter"
"237","B",9,"Pine",3,0.429481034892922,0.00146121194600878,"Winter"
"238","UB",9,"Pine",3,0.431994384858274,0.00168355632525714,"Winter"
"239","B",10,"Pine",3,0.425559645617489,0.00133122574840845,"Winter"
"240","UB",10,"Pine",3,0.420731418422097,0.00221558356919817,"Winter"
"241","B",11,"Pine",3,0.425017052514072,0.00127128951626369,"Winter"
"242","UB",11,"Pine",3,0.418504140238282,0.00263842046930701,"Winter"
"243","B",1,"Spruce",3,0.421794552810954,0.00136481817130716,"Winter"
"244","UB",1,"Spruce",3,0.420117577196478,0.00157314422209365,"Winter"
"245","B",2,"Spruce",3,0.417518019514013,0.0018345870510302,"Winter"
"246","UB",2,"Spruce",3,0.41605954706196,0.00198557658727201,"Winter"
"247","B",3,"Spruce",3,0.410008056640318,0.00222222018072258,"Winter"
"248","UB",3,"Spruce",3,0.406474390848094,0.00239091279576254,"Winter"
"249","B",4,"Spruce",3,0.407625051715841,0.00229285528266494,"Winter"
"250","UB",4,"Spruce",3,0.401890601801285,0.00243142713517886,"Winter"
"251","B",5,"Spruce",3,0.404890504951598,0.0024539034229476,"Winter"
"252","UB",5,"Spruce",3,0.398304041669737,0.00249271643083847,"Winter"
"253","B",6,"Spruce",3,0.400139458312616,0.00270520142374579,"Winter"
"254","UB",6,"Spruce",3,0.39364645616713,0.00277048288553841,"Winter"
"255","B",7,"Spruce",3,0.397205168704591,0.00286814848649257,"Winter"
"256","UB",7,"Spruce",3,0.389962753419614,0.00286447627078583,"Winter"
"257","B",8,"Spruce",3,0.393512352400943,0.00319089010315568,"Winter"
"258","UB",8,"Spruce",3,0.387390576854593,0.00302635282833876,"Winter"
"259","B",9,"Spruce",3,0.39900197982775,0.0029809214862888,"Winter"
"260","UB",9,"Spruce",3,0.395507230216238,0.00269788374905695,"Winter"
"261","B",10,"Spruce",3,0.378144012682254,0.00415638568188924,"Winter"
"262","UB",10,"Spruce",3,0.380802099844108,0.00346232821861119,"Winter"
"263","B",11,"Spruce",3,0.375532723965029,0.00389858476182611,"Winter"
"264","UB",11,"Spruce",3,0.382936060218822,0.00334504842921583,"Winter"
"265","B",1,"Composite",4,0.322150903342522,0.00200777542050375,"Spring"
"266","UB",1,"Composite",4,0.323305265241203,0.00231883522671385,"Spring"
"267","B",2,"Composite",4,0.314388939516144,0.00388129505283553,"Spring"
"268","UB",2,"Composite",4,0.316816132246484,0.00392373257616927,"Spring"
"269","B",3,"Composite",4,0.292112222327903,0.00527958814352647,"Spring"
"270","UB",3,"Composite",4,0.292562387843541,0.00526170553808321,"Spring"
"271","B",4,"Composite",4,0.291419537370904,0.005262720745671,"Spring"
"272","UB",4,"Composite",4,0.290597899000816,0.00531224125749666,"Spring"
"273","B",5,"Composite",4,0.289318843787027,0.00529204601470672,"Spring"
"274","UB",5,"Composite",4,0.289112410211856,0.0052803946536101,"Spring"
"275","B",6,"Composite",4,0.28804062549942,0.00524605709324553,"Spring"
"276","UB",6,"Composite",4,0.287195049152123,0.00528529754936109,"Spring"
"277","B",7,"Composite",4,0.286742813892495,0.00527994460680642,"Spring"
"278","UB",7,"Composite",4,0.285901952909049,0.00531806355181789,"Spring"
"279","B",8,"Composite",4,0.290125771594414,0.00504001614621446,"Spring"
"280","UB",8,"Composite",4,0.286500460164434,0.0050833217412716,"Spring"
"281","B",9,"Composite",4,0.314434228659796,0.00223029756675314,"Spring"
"282","UB",9,"Composite",4,0.310552050950586,0.00260802727832347,"Spring"
"283","B",10,"Composite",4,0.293781552097501,0.00268088507666775,"Spring"
"284","UB",10,"Composite",4,0.286793893097556,0.00176396465955983,"Spring"
"285","B",11,"Composite",4,0.294076897283271,0.00138199371093941,"Spring"
"286","UB",11,"Composite",4,0.286949884625113,0.00180442013893807,"Spring"
"287","B",1,"Deciduous",4,0.335888145539745,0.00271786666362909,"Spring"
"288","UB",1,"Deciduous",4,0.337388510525679,0.00284484794349324,"Spring"
"289","B",2,"Deciduous",4,0.329796112096611,0.00400757486563004,"Spring"
"290","UB",2,"Deciduous",4,0.330357642558868,0.004319912437949,"Spring"
"291","B",3,"Deciduous",4,0.30666630695376,0.00583485972256964,"Spring"
"292","UB",3,"Deciduous",4,0.304273700129197,0.00615482661487994,"Spring"
"293","B",4,"Deciduous",4,0.305003020695087,0.00584387763118734,"Spring"
"294","UB",4,"Deciduous",4,0.301816604251244,0.00622393628919591,"Spring"
"295","B",5,"Deciduous",4,0.30289632338007,0.00586314857999217,"Spring"
"296","UB",5,"Deciduous",4,0.301038433696744,0.00618956376733994,"Spring"
"297","B",6,"Deciduous",4,0.301809760786279,0.00584584812852003,"Spring"
"298","UB",6,"Deciduous",4,0.299621033408561,0.00615369362084787,"Spring"
"299","B",7,"Deciduous",4,0.299908797243799,0.00585048950428081,"Spring"
"300","UB",7,"Deciduous",4,0.299904181378431,0.00607252531439687,"Spring"
"301","B",8,"Deciduous",4,0.302474664521212,0.0056535936128324,"Spring"
"302","UB",8,"Deciduous",4,0.301020711462609,0.00582727799218632,"Spring"
"303","B",9,"Deciduous",4,0.330514863301096,0.00292542575413637,"Spring"
"304","UB",9,"Deciduous",4,0.324754384334843,0.00332265554541288,"Spring"
"305","B",10,"Deciduous",4,0.303769442236324,0.00122684806838506,"Spring"
"306","UB",10,"Deciduous",4,0.293976902498365,0.0021394381773447,"Spring"
"307","B",11,"Deciduous",4,0.303311835225511,0.00114560197671011,"Spring"
"308","UB",11,"Deciduous",4,0.29406903938662,0.00212931847539768,"Spring"
"309","B",1,"Pine",4,0.315601792307985,0.00215432174697241,"Spring"
"310","UB",1,"Pine",4,0.315400824722859,0.00234297628638946,"Spring"
"311","B",2,"Pine",4,0.304353510716911,0.00562036796620065,"Spring"
"312","UB",2,"Pine",4,0.303375373530473,0.00627686928373551,"Spring"
"313","B",3,"Pine",4,0.269973358429322,0.00796005992842365,"Spring"
"314","UB",3,"Pine",4,0.280289159634317,0.00758554106821881,"Spring"
"315","B",4,"Pine",4,0.27249784595604,0.00744983393619276,"Spring"
"316","UB",4,"Pine",4,0.279050641003869,0.00733763792395943,"Spring"
"317","B",5,"Pine",4,0.269354445815854,0.00749520978440047,"Spring"
"318","UB",5,"Pine",4,0.27234543238539,0.00741882423941478,"Spring"
"319","B",6,"Pine",4,0.267120076770739,0.0074170626560782,"Spring"
"320","UB",6,"Pine",4,0.272530586121192,0.00737379432917949,"Spring"
"321","B",7,"Pine",4,0.264922739751416,0.00741749873769246,"Spring"
"322","UB",7,"Pine",4,0.272594349263739,0.00735589058458164,"Spring"
"323","B",8,"Pine",4,0.265943371523033,0.00740239697920448,"Spring"
"324","UB",8,"Pine",4,0.275542709200332,0.00701772440957394,"Spring"
"325","B",9,"Pine",4,0.305677342394322,0.00177882395982129,"Spring"
"326","UB",9,"Pine",4,0.307183936593364,0.00218242035046863,"Spring"
"327","B",10,"Pine",4,0.292180424842456,0.000989792199121848,"Spring"
"328","UB",10,"Pine",4,0.288590544148441,0.00164732941495212,"Spring"
"329","B",11,"Pine",4,0.291776996331776,0.000945228446435601,"Spring"
"330","UB",11,"Pine",4,0.286934519560388,0.00196171686255743,"Spring"
"331","B",1,"Spruce",4,0.303977066703176,0.001775799760335,"Spring"
"332","UB",1,"Spruce",4,0.303466663244759,0.00182468745061814,"Spring"
"333","B",2,"Spruce",4,0.29478787610464,0.00355694404972605,"Spring"
"334","UB",2,"Spruce",4,0.294172197538472,0.00375870680544701,"Spring"
"335","B",3,"Spruce",4,0.279704287051203,0.00464865558596116,"Spring"
"336","UB",3,"Spruce",4,0.275532665530268,0.00495949526073296,"Spring"
"337","B",4,"Spruce",4,0.277463628474282,0.0046674782084962,"Spring"
"338","UB",4,"Spruce",4,0.272000877914457,0.00492678100927214,"Spring"
"339","B",5,"Spruce",4,0.275677253727418,0.00470164234927256,"Spring"
"340","UB",5,"Spruce",4,0.268486526783893,0.00489429888115915,"Spring"
"341","B",6,"Spruce",4,0.272127804126682,0.0047277594181155,"Spring"
"342","UB",6,"Spruce",4,0.265470804839985,0.00496771383978567,"Spring"
"343","B",7,"Spruce",4,0.269545132386492,0.00487388132202145,"Spring"
"344","UB",7,"Spruce",4,0.262189507087951,0.00498100302758046,"Spring"
"345","B",8,"Spruce",4,0.270986681699579,0.00471820633495123,"Spring"
"346","UB",8,"Spruce",4,0.264242044182946,0.004796507674335,"Spring"
"347","B",9,"Spruce",4,0.28694801038495,0.00280037294200398,"Spring"
"348","UB",9,"Spruce",4,0.28436103251733,0.00247606102279308,"Spring"
"349","B",10,"Spruce",4,0.263817054497092,0.00310436573960749,"Spring"
"350","UB",10,"Spruce",4,0.265802355032147,0.00258598068701057,"Spring"
"351","B",11,"Spruce",4,0.261866707284297,0.00291181663441486,"Spring"
"352","UB",11,"Spruce",4,0.267396190153322,0.00249838550503943,"Spring"
"353","B",1,"Composite",5,0.159875656811756,0.000340202593315327,"Spring"
"354","UB",1,"Composite",5,0.159596709449802,0.000494877367643972,"Spring"
"355","B",2,"Composite",5,0.159551229438197,0.000386099368157456,"Spring"
"356","UB",2,"Composite",5,0.159552595469002,0.000449210796398597,"Spring"
"357","B",3,"Composite",5,0.157980468693449,0.000431331957353713,"Spring"
"358","UB",3,"Composite",5,0.15797993681985,0.000437632852607284,"Spring"
"359","B",4,"Composite",5,0.157475031954351,0.000431497989298822,"Spring"
"360","UB",4,"Composite",5,0.157069331661946,0.000417890715239525,"Spring"
"361","B",5,"Composite",5,0.156748451346757,0.000448540823668453,"Spring"
"362","UB",5,"Composite",5,0.155807221136164,0.000433127491691663,"Spring"
"363","B",6,"Composite",5,0.155870693807321,0.000487155472972502,"Spring"
"364","UB",6,"Composite",5,0.154601396819675,0.000464786053377244,"Spring"
"365","B",7,"Composite",5,0.155406622225634,0.000533539303422532,"Spring"
"366","UB",7,"Composite",5,0.153694319928488,0.000501090733376588,"Spring"
"367","B",8,"Composite",5,0.153818688860935,0.000582389907666697,"Spring"
"368","UB",8,"Composite",5,0.150296383559295,0.00071200251474623,"Spring"
"369","B",9,"Composite",5,0.154127946245137,0.00060224827774043,"Spring"
"370","UB",9,"Composite",5,0.150415285507016,0.000836857018082671,"Spring"
"371","B",10,"Composite",5,0.151778158346625,0.00147593599695321,"Spring"
"372","UB",10,"Composite",5,0.145984869808883,0.00125619819689387,"Spring"
"373","B",11,"Composite",5,0.151912143181718,0.00085499744226187,"Spring"
"374","UB",11,"Composite",5,0.146026102345405,0.00128145003517988,"Spring"
"375","B",1,"Deciduous",5,0.163754078039741,0.000139194177094288,"Spring"
"376","UB",1,"Deciduous",5,0.163939203168352,0.000118920190109261,"Spring"
"377","B",2,"Deciduous",5,0.163553540332108,0.000141467710246416,"Spring"
"378","UB",2,"Deciduous",5,0.163571354423867,0.000137404374032585,"Spring"
"379","B",3,"Deciduous",5,0.163083900029183,0.00014092434560411,"Spring"
"380","UB",3,"Deciduous",5,0.162520001399792,0.000182929285218197,"Spring"
"381","B",4,"Deciduous",5,0.162850469980068,0.000151267299650196,"Spring"
"382","UB",4,"Deciduous",5,0.161766342977855,0.00023626211454754,"Spring"
"383","B",5,"Deciduous",5,0.162607119579863,0.000158411180149525,"Spring"
"384","UB",5,"Deciduous",5,0.160771851651992,0.000331401829514717,"Spring"
"385","B",6,"Deciduous",5,0.162416958969336,0.000167493930821895,"Spring"
"386","UB",6,"Deciduous",5,0.159684794825427,0.000407586785005141,"Spring"
"387","B",7,"Deciduous",5,0.162237884562357,0.000164231429370009,"Spring"
"388","UB",7,"Deciduous",5,0.159178479312932,0.000415550611450922,"Spring"
"389","B",8,"Deciduous",5,0.160152879571393,0.000460039928361606,"Spring"
"390","UB",8,"Deciduous",5,0.155496317647818,0.000824109944728477,"Spring"
"391","B",9,"Deciduous",5,0.159888954300366,0.000602961794677996,"Spring"
"392","UB",9,"Deciduous",5,0.155314186649449,0.000997948213699511,"Spring"
"393","B",10,"Deciduous",5,0.157165430696518,0.00089055122728962,"Spring"
"394","UB",10,"Deciduous",5,0.150057168062661,0.00155298715761323,"Spring"
"395","B",11,"Deciduous",5,0.156833260401273,0.000831575867163038,"Spring"
"396","UB",11,"Deciduous",5,0.150124048894141,0.00154564141267466,"Spring"
"397","B",1,"Pine",5,0.150940153434535,0.000215827060178529,"Spring"
"398","UB",1,"Pine",5,0.151069703403644,0.000237076776715068,"Spring"
"399","B",2,"Pine",5,0.150259330306942,0.000342989339993016,"Spring"
"400","UB",2,"Pine",5,0.150442238189273,0.000376018901802441,"Spring"
"401","B",3,"Pine",5,0.148496731085172,0.000400124847146818,"Spring"
"402","UB",3,"Pine",5,0.149336163756873,0.000372261337769333,"Spring"
"403","B",4,"Pine",5,0.148252985535762,0.000403843558939541,"Spring"
"404","UB",4,"Pine",5,0.149096645897186,0.000364264551199983,"Spring"
"405","B",5,"Pine",5,0.147590687907576,0.000449439739121344,"Spring"
"406","UB",5,"Pine",5,0.148361124089938,0.000382654409896621,"Spring"
"407","B",6,"Pine",5,0.146811804065995,0.000529987957070655,"Spring"
"408","UB",6,"Pine",5,0.148078338877357,0.000403754026915136,"Spring"
"409","B",7,"Pine",5,0.145896214948993,0.000578200676277286,"Spring"
"410","UB",7,"Pine",5,0.1473667799253,0.000470079271038249,"Spring"
"411","B",8,"Pine",5,0.144846834858613,0.000640043060189209,"Spring"
"412","UB",8,"Pine",5,0.146417594016631,0.000542065393523596,"Spring"
"413","B",9,"Pine",5,0.146256033229169,0.000566969460256294,"Spring"
"414","UB",9,"Pine",5,0.147272481582794,0.000580232154496058,"Spring"
"415","B",10,"Pine",5,0.146794624117347,0.000590524276094867,"Spring"
"416","UB",10,"Pine",5,0.144652849611566,0.000982820445662683,"Spring"
"417","B",11,"Pine",5,0.14655393285969,0.000563936899655181,"Spring"
"418","UB",11,"Pine",5,0.143664841500446,0.0011703885231593,"Spring"
"419","B",1,"Spruce",5,0.1564590491085,0.000429126750952531,"Spring"
"420","UB",1,"Spruce",5,0.155692895619476,0.000533849252318563,"Spring"
"421","B",2,"Spruce",5,0.155903489703015,0.000420976201605182,"Spring"
"422","UB",2,"Spruce",5,0.1552351990286,0.00046530096468458,"Spring"
"423","B",3,"Spruce",5,0.154700522056232,0.000427474443465142,"Spring"
"424","UB",3,"Spruce",5,0.153609160735837,0.000501144240788253,"Spring"
"425","B",4,"Spruce",5,0.153819900717007,0.000482319094966943,"Spring"
"426","UB",4,"Spruce",5,0.151782585638352,0.000558965352013224,"Spring"
"427","B",5,"Spruce",5,0.152646587476257,0.000588904593277137,"Spring"
"428","UB",5,"Spruce",5,0.150506964005552,0.00063371431748744,"Spring"
"429","B",6,"Spruce",5,0.150745978593825,0.000774195680217033,"Spring"
"430","UB",6,"Spruce",5,0.148479994011981,0.000772696739027034,"Spring"
"431","B",7,"Spruce",5,0.149575043093553,0.000821977563696456,"Spring"
"432","UB",7,"Spruce",5,0.147104174637863,0.000842480230891646,"Spring"
"433","B",8,"Spruce",5,0.147321727780998,0.00103302694668041,"Spring"
"434","UB",8,"Spruce",5,0.145366886579285,0.000963763634159167,"Spring"
"435","B",9,"Spruce",5,0.147434127570934,0.00110002498604625,"Spring"
"436","UB",9,"Spruce",5,0.146166285674623,0.00100820128944078,"Spring"
"437","B",10,"Spruce",5,0.140387268790749,0.00167137768685978,"Spring"
"438","UB",10,"Spruce",5,0.141456146395493,0.00139228131652628,"Spring"
"439","B",11,"Spruce",5,0.139337209910281,0.00156771004424352,"Spring"
"440","UB",11,"Spruce",5,0.142314260638952,0.00134512043249929,"Spring"
"441","B",1,"Composite",6,0.156063062952584,0.000426398982101788,"Spring"
"442","UB",1,"Composite",6,0.155833338379284,0.000550572304908094,"Spring"
"443","B",2,"Composite",6,0.156084593299964,0.000403985919515138,"Spring"
"444","UB",2,"Composite",6,0.156105456553992,0.000467142686206453,"Spring"
"445","B",3,"Composite",6,0.155025940753651,0.000408823142893422,"Spring"
"446","UB",3,"Composite",6,0.155043433086333,0.000447874070770885,"Spring"
"447","B",4,"Composite",6,0.154528387779424,0.00041175797350746,"Spring"
"448","UB",4,"Composite",6,0.154177598112223,0.000421789064405074,"Spring"
"449","B",5,"Composite",6,0.153836415600769,0.000422499487113108,"Spring"
"450","UB",5,"Composite",6,0.152944014489321,0.000415764120084351,"Spring"
"451","B",6,"Composite",6,0.15295337860669,0.000465835100664779,"Spring"
"452","UB",6,"Composite",6,0.151750600725406,0.000438777268895767,"Spring"
"453","B",7,"Composite",6,0.152553356444357,0.000513165013924634,"Spring"
"454","UB",7,"Composite",6,0.150895504363297,0.000466176241302627,"Spring"
"455","B",8,"Composite",6,0.150907569002137,0.000557098654328225,"Spring"
"456","UB",8,"Composite",6,0.147462433432391,0.000661902957155795,"Spring"
"457","B",9,"Composite",6,0.150605502241759,0.00060621436090176,"Spring"
"458","UB",9,"Composite",6,0.147039037407049,0.000777594901236971,"Spring"
"459","B",10,"Composite",6,0.149767465632555,0.00145938254418065,"Spring"
"460","UB",10,"Composite",6,0.143983207845083,0.00122666289440721,"Spring"
"461","B",11,"Composite",6,0.149883004490224,0.000850184204038099,"Spring"
"462","UB",11,"Composite",6,0.144026559684098,0.00125440629365706,"Spring"
"463","B",1,"Deciduous",6,0.16095737612505,9.76664401187693e-05,"Spring"
"464","UB",1,"Deciduous",6,0.161090150547321,4.25418439007969e-05,"Spring"
"465","B",2,"Deciduous",6,0.160843230967592,8.87591957160205e-05,"Spring"
"466","UB",2,"Deciduous",6,0.160827020303266,6.01080376952379e-05,"Spring"
"467","B",3,"Deciduous",6,0.160791508848739,7.09651019576709e-05,"Spring"
"468","UB",3,"Deciduous",6,0.160250520166608,0.000108887316262914,"Spring"
"469","B",4,"Deciduous",6,0.160595322516836,9.52140023259896e-05,"Spring"
"470","UB",4,"Deciduous",6,0.159540086915448,0.000173984405189638,"Spring"
"471","B",5,"Deciduous",6,0.16039190411304,0.00010264402072947,"Spring"
"472","UB",5,"Deciduous",6,0.158550076493031,0.000272781886153311,"Spring"
"473","B",6,"Deciduous",6,0.160223859120103,0.000117420100062819,"Spring"
"474","UB",6,"Deciduous",6,0.157484696099577,0.000354196784515546,"Spring"
"475","B",7,"Deciduous",6,0.160081437519901,0.000114565191325363,"Spring"
"476","UB",7,"Deciduous",6,0.156964022474566,0.000356409841150356,"Spring"
"477","B",8,"Deciduous",6,0.157947277352766,0.000426767881069089,"Spring"
"478","UB",8,"Deciduous",6,0.153237295676862,0.000771034279832897,"Spring"
"479","B",9,"Deciduous",6,0.15716615743317,0.000550897665491221,"Spring"
"480","UB",9,"Deciduous",6,0.152659234621008,0.000936446695520265,"Spring"
"481","B",10,"Deciduous",6,0.155369003700626,0.000875452071569726,"Spring"
"482","UB",10,"Deciduous",6,0.14838126053956,0.00152665650508562,"Spring"
"483","B",11,"Deciduous",6,0.155042465300392,0.000817476629380374,"Spring"
"484","UB",11,"Deciduous",6,0.148447007417082,0.0015194353060949,"Spring"
"485","B",1,"Pine",6,0.145785702694473,6.61928119791772e-05,"Spring"
"486","UB",1,"Pine",6,0.145961098568034,3.41555942298888e-05,"Spring"
"487","B",2,"Pine",6,0.145515552282928,0.000131115862144324,"Spring"
"488","UB",2,"Pine",6,0.145739503687282,0.000120733712122838,"Spring"
"489","B",3,"Pine",6,0.145014545116822,0.000199296060186408,"Spring"
"490","UB",3,"Pine",6,0.145532937808936,0.000131434479339327,"Spring"
"491","B",4,"Pine",6,0.144695566107627,0.000242051028778338,"Spring"
"492","UB",4,"Pine",6,0.145317610459234,0.000150455583080231,"Spring"
"493","B",5,"Pine",6,0.144105989826135,0.000309373235855824,"Spring"
"494","UB",5,"Pine",6,0.144838061645518,0.000203441493301537,"Spring"
"495","B",6,"Pine",6,0.143369027826709,0.000401943250709457,"Spring"
"496","UB",6,"Pine",6,0.14452916141793,0.000221614982675136,"Spring"
"497","B",7,"Pine",6,0.142528382107491,0.000482595791062674,"Spring"
"498","UB",7,"Pine",6,0.143799918231639,0.000319949741610816,"Spring"
"499","B",8,"Pine",6,0.141428071453615,0.000551481125041415,"Spring"
"500","UB",8,"Pine",6,0.142732044558189,0.000422804678962051,"Spring"
"501","B",9,"Pine",6,0.141524655832961,0.000574866270142702,"Spring"
"502","UB",9,"Pine",6,0.142523524819564,0.000504001978444327,"Spring"
"503","B",10,"Pine",6,0.143780427876824,0.000570903991314598,"Spring"
"504","UB",10,"Pine",6,0.141709814248655,0.000950166043782219,"Spring"
"505","B",11,"Pine",6,0.143547733633363,0.000545199985666638,"Spring"
"506","UB",11,"Pine",6,0.140754632900617,0.00113150213515202,"Spring"
"507","B",1,"Spruce",6,0.15130931538159,0.000335358897534288,"Spring"
"508","UB",1,"Spruce",6,0.150448729887156,0.000465918257886689,"Spring"
"509","B",2,"Spruce",6,0.15107309783608,0.000316360024604836,"Spring"
"510","UB",2,"Spruce",6,0.15037488806514,0.000357215160937738,"Spring"
"511","B",3,"Spruce",6,0.150463031493346,0.000306507395576392,"Spring"
"512","UB",3,"Spruce",6,0.149487688482754,0.000412932067993112,"Spring"
"513","B",4,"Spruce",6,0.149657396372142,0.000362481230016339,"Spring"
"514","UB",4,"Spruce",6,0.147777328816816,0.00046868544711974,"Spring"
"515","B",5,"Spruce",6,0.148508026646065,0.000465643763530375,"Spring"
"516","UB",5,"Spruce",6,0.14661613018773,0.000551313245655195,"Spring"
"517","B",6,"Spruce",6,0.146702722745823,0.000663200150921288,"Spring"
"518","UB",6,"Spruce",6,0.144640855468449,0.000668242034224864,"Spring"
"519","B",7,"Spruce",6,0.145592054726612,0.000695768569079533,"Spring"
"520","UB",7,"Spruce",6,0.143368936537819,0.000745083493496516,"Spring"
"521","B",8,"Spruce",6,0.143237279600115,0.000899143710296843,"Spring"
"522","UB",8,"Spruce",6,0.141512015858818,0.000863538284446202,"Spring"
"523","B",9,"Spruce",6,0.142746063364992,0.000964563533576793,"Spring"
"524","UB",9,"Spruce",6,0.141586019841965,0.00091012805108429,"Spring"
"525","B",10,"Spruce",6,0.137486823367762,0.00159616055587377,"Spring"
"526","UB",10,"Spruce",6,0.138507598196314,0.00132962437969037,"Spring"
"527","B",11,"Spruce",6,0.136484020363076,0.00149715827567977,"Spring"
"528","UB",11,"Spruce",6,0.13932709466238,0.0012845858803399,"Spring"
"529","B",1,"Composite",7,0.156063062948405,0.000426398982608701,"Summer"
"530","UB",1,"Composite",7,0.155833338374262,0.000550572305414564,"Summer"
"531","B",2,"Composite",7,0.156084593296733,0.000403985919835258,"Summer"
"532","UB",2,"Composite",7,0.15610545654917,0.000467142686748061,"Summer"
"533","B",3,"Composite",7,0.155025940750153,0.000408823143128028,"Summer"
"534","UB",3,"Composite",7,0.155043433080572,0.000447874071270211,"Summer"
"535","B",4,"Composite",7,0.154528387774793,0.000411757973851708,"Summer"
"536","UB",4,"Composite",7,0.154177598106202,0.000421789064948839,"Summer"
"537","B",5,"Composite",7,0.153836415596413,0.000422499487329709,"Summer"
"538","UB",5,"Composite",7,0.152944014482743,0.000415764120607925,"Summer"
"539","B",6,"Composite",7,0.152953378602184,0.000465835100842196,"Summer"
"540","UB",6,"Composite",7,0.151750600718677,0.000438777269279546,"Summer"
"541","B",7,"Composite",7,0.152553356439944,0.000513165014056932,"Summer"
"542","UB",7,"Composite",7,0.150895504356804,0.000466176241574086,"Summer"
"543","B",8,"Composite",7,0.150907568997921,0.000557098654514457,"Summer"
"544","UB",8,"Composite",7,0.147462433425585,0.000661902957408262,"Summer"
"545","B",9,"Composite",7,0.15060550223641,0.000606214361218822,"Summer"
"546","UB",9,"Composite",7,0.147039037398589,0.000777594901563241,"Summer"
"547","B",10,"Composite",7,0.149767465622391,0.00145938254445809,"Summer"
"548","UB",10,"Composite",7,0.14398320782925,0.0012266628943668,"Summer"
"549","B",11,"Composite",7,0.149883004480247,0.000850184204607951,"Summer"
"550","UB",11,"Composite",7,0.144026559668048,0.0012544062938399,"Summer"
"551","B",1,"Deciduous",7,0.160957376124722,9.76664401172608e-05,"Summer"
"552","UB",1,"Deciduous",7,0.161090150547006,4.25418439044985e-05,"Summer"
"553","B",2,"Deciduous",7,0.16084323096729,8.87591957170975e-05,"Summer"
"554","UB",2,"Deciduous",7,0.16082702030298,6.01080376999479e-05,"Summer"
"555","B",3,"Deciduous",7,0.160791508848484,7.09651019590476e-05,"Summer"
"556","UB",3,"Deciduous",7,0.160250520166366,0.000108887316262593,"Summer"
"557","B",4,"Deciduous",7,0.160595322516578,9.52140023284925e-05,"Summer"
"558","UB",4,"Deciduous",7,0.159540086915207,0.000173984405190161,"Summer"
"559","B",5,"Deciduous",7,0.160391904112784,0.000102644020732687,"Summer"
"560","UB",5,"Deciduous",7,0.158550076492789,0.000272781886151911,"Summer"
"561","B",6,"Deciduous",7,0.160223859119846,0.000117420100064786,"Summer"
"562","UB",6,"Deciduous",7,0.157484696099332,0.000354196784515442,"Summer"
"563","B",7,"Deciduous",7,0.160081437519645,0.000114565191326486,"Summer"
"564","UB",7,"Deciduous",7,0.156964022474322,0.000356409841150588,"Summer"
"565","B",8,"Deciduous",7,0.15794727735249,0.000426767881079429,"Summer"
"566","UB",8,"Deciduous",7,0.153237295676606,0.000771034279844011,"Summer"
"567","B",9,"Deciduous",7,0.157166157432842,0.000550897665501963,"Summer"
"568","UB",9,"Deciduous",7,0.152659234620688,0.00093644669553292,"Summer"
"569","B",10,"Deciduous",7,0.155369003700027,0.000875452071569726,"Summer"
"570","UB",10,"Deciduous",7,0.148381260538962,0.00152665650508562,"Summer"
"571","B",11,"Deciduous",7,0.155042465299794,0.000817476629380374,"Summer"
"572","UB",11,"Deciduous",7,0.148447007416484,0.0015194353060949,"Summer"
"573","B",1,"Pine",7,0.145785702663942,6.61928100077834e-05,"Summer"
"574","UB",1,"Pine",7,0.14596109853597,3.41555922398525e-05,"Summer"
"575","B",2,"Pine",7,0.145515552254206,0.000131115860294714,"Summer"
"576","UB",2,"Pine",7,0.145739503658708,0.000120733710838626,"Summer"
"577","B",3,"Pine",7,0.145014545094108,0.000199296058812879,"Summer"
"578","UB",3,"Pine",7,0.145532937782311,0.000131434478248751,"Summer"
"579","B",4,"Pine",7,0.144695566083251,0.000242051027239187,"Summer"
"580","UB",4,"Pine",7,0.145317610433539,0.000150455582103288,"Summer"
"581","B",5,"Pine",7,0.144105989803443,0.000309373234403854,"Summer"
"582","UB",5,"Pine",7,0.144838061620039,0.000203441492242565,"Summer"
"583","B",6,"Pine",7,0.143369027805065,0.000401943249312146,"Summer"
"584","UB",6,"Pine",7,0.144529161392757,0.000221614981481322,"Summer"
"585","B",7,"Pine",7,0.142528382085602,0.000482595789481238,"Summer"
"586","UB",7,"Pine",7,0.143799918206144,0.000319949740199877,"Summer"
"587","B",8,"Pine",7,0.141428071430636,0.000551481124157388,"Summer"
"588","UB",8,"Pine",7,0.142732044531212,0.000422804679096811,"Summer"
"589","B",9,"Pine",7,0.141524655797971,0.00057486626815898,"Summer"
"590","UB",9,"Pine",7,0.142523524782602,0.000504001978997273,"Summer"
"591","B",10,"Pine",7,0.143780427790334,0.000570903991314598,"Summer"
"592","UB",10,"Pine",7,0.141709814162166,0.000950166043782219,"Summer"
"593","B",11,"Pine",7,0.143547733546874,0.000545199985666638,"Summer"
"594","UB",11,"Pine",7,0.140754632814128,0.00113150213515202,"Summer"
"595","B",1,"Spruce",7,0.151309315381039,0.000335358897545035,"Summer"
"596","UB",1,"Spruce",7,0.150448729886653,0.000465918257886484,"Summer"
"597","B",2,"Spruce",7,0.151073097835591,0.00031636002461955,"Summer"
"598","UB",2,"Spruce",7,0.150374888064668,0.000357215160945456,"Summer"
"599","B",3,"Spruce",7,0.15046303149292,0.000306507395589953,"Summer"
"600","UB",3,"Spruce",7,0.14948768848236,0.000412932067995218,"Summer"
"601","B",4,"Spruce",7,0.149657396371714,0.0003624812300305,"Summer"
"602","UB",4,"Spruce",7,0.147777328816412,0.000468685447126362,"Summer"
"603","B",5,"Spruce",7,0.148508026645641,0.000465643763545317,"Summer"
"604","UB",5,"Spruce",7,0.146616130187331,0.000551313245664045,"Summer"
"605","B",6,"Spruce",7,0.146702722745399,0.000663200150938546,"Summer"
"606","UB",6,"Spruce",7,0.144640855468049,0.00066824203423311,"Summer"
"607","B",7,"Spruce",7,0.145592054726192,0.000695768569092717,"Summer"
"608","UB",7,"Spruce",7,0.143368936537423,0.000745083493503727,"Summer"
"609","B",8,"Spruce",7,0.143237279599659,0.000899143710315326,"Summer"
"610","UB",8,"Spruce",7,0.141512015858397,0.000863538284454157,"Summer"
"611","B",9,"Spruce",7,0.142746063364451,0.000964563533598684,"Summer"
"612","UB",9,"Spruce",7,0.141586019841437,0.00091012805109291,"Summer"
"613","B",10,"Spruce",7,0.137486823366754,0.00159616055587377,"Summer"
"614","UB",10,"Spruce",7,0.138507598195306,0.00132962437969037,"Summer"
"615","B",11,"Spruce",7,0.136484020362068,0.00149715827567977,"Summer"
"616","UB",11,"Spruce",7,0.139327094661372,0.0012845858803399,"Summer"
"617","B",1,"Composite",8,0.156063062948539,0.000426398982591527,"Summer"
"618","UB",1,"Composite",8,0.155833338374395,0.000550572305400245,"Summer"
"619","B",2,"Composite",8,0.156084593296837,0.000403985919824445,"Summer"
"620","UB",2,"Composite",8,0.156105456549293,0.000467142686734325,"Summer"
"621","B",3,"Composite",8,0.155025940750258,0.000408823143119889,"Summer"
"622","UB",3,"Composite",8,0.155043433080702,0.000447874071258635,"Summer"
"623","B",4,"Composite",8,0.154528387774918,0.000411757973841434,"Summer"
"624","UB",4,"Composite",8,0.154177598106346,0.000421789064935869,"Summer"
"625","B",5,"Composite",8,0.153836415596535,0.000422499487321796,"Summer"
"626","UB",5,"Composite",8,0.152944014482888,0.000415764120596232,"Summer"
"627","B",6,"Composite",8,0.152953378602322,0.000465835100834196,"Summer"
"628","UB",6,"Composite",8,0.151750600718833,0.00043877726926982,"Summer"
"629","B",7,"Composite",8,0.152553356440079,0.000513165014049251,"Summer"
"630","UB",7,"Composite",8,0.150895504356953,0.000466176241566898,"Summer"
"631","B",8,"Composite",8,0.150907568998054,0.000557098654507848,"Summer"
"632","UB",8,"Composite",8,0.147462433425741,0.000661902957404852,"Summer"
"633","B",9,"Composite",8,0.150605502236574,0.000606214361208899,"Summer"
"634","UB",9,"Composite",8,0.147039037398774,0.000777594901559355,"Summer"
"635","B",10,"Composite",8,0.149767465622504,0.00145938254445487,"Summer"
"636","UB",10,"Composite",8,0.143983207829428,0.00122666289436726,"Summer"
"637","B",11,"Composite",8,0.149883004480358,0.00085018420460139,"Summer"
"638","UB",11,"Composite",8,0.144026559668228,0.00125440629383779,"Summer"
"639","B",1,"Deciduous",8,0.160957376124724,9.76664401172622e-05,"Summer"
"640","UB",1,"Deciduous",8,0.161090150547009,4.25418439044938e-05,"Summer"
"641","B",2,"Deciduous",8,0.160843230967293,8.87591957170939e-05,"Summer"
"642","UB",2,"Deciduous",8,0.160827020302982,6.01080376999415e-05,"Summer"
"643","B",3,"Deciduous",8,0.160791508848486,7.09651019590394e-05,"Summer"
"644","UB",3,"Deciduous",8,0.160250520166368,0.000108887316262602,"Summer"
"645","B",4,"Deciduous",8,0.16059532251658,9.52140023284799e-05,"Summer"
"646","UB",4,"Deciduous",8,0.159540086915209,0.00017398440519017,"Summer"
"647","B",5,"Deciduous",8,0.160391904112786,0.000102644020732675,"Summer"
"648","UB",5,"Deciduous",8,0.158550076492791,0.00027278188615193,"Summer"
"649","B",6,"Deciduous",8,0.160223859119848,0.000117420100064777,"Summer"
"650","UB",6,"Deciduous",8,0.157484696099334,0.000354196784515457,"Summer"
"651","B",7,"Deciduous",8,0.160081437519647,0.000114565191326479,"Summer"
"652","UB",7,"Deciduous",8,0.156964022474324,0.000356409841150606,"Summer"
"653","B",8,"Deciduous",8,0.157947277352492,0.000426767881079406,"Summer"
"654","UB",8,"Deciduous",8,0.153237295676608,0.000771034279843997,"Summer"
"655","B",9,"Deciduous",8,0.157166157432844,0.000550897665501951,"Summer"
"656","UB",9,"Deciduous",8,0.15265923462069,0.000936446695532906,"Summer"
"657","B",10,"Deciduous",8,0.15536900370003,0.000875452071569726,"Summer"
"658","UB",10,"Deciduous",8,0.148381260538964,0.00152665650508562,"Summer"
"659","B",11,"Deciduous",8,0.155042465299796,0.000817476629380373,"Summer"
"660","UB",11,"Deciduous",8,0.148447007416486,0.0015194353060949,"Summer"
"661","B",1,"Pine",8,0.145785702664821,6.6192810011779e-05,"Summer"
"662","UB",1,"Pine",8,0.145961098536851,3.41555922438889e-05,"Summer"
"663","B",2,"Pine",8,0.145515552255027,0.000131115860317143,"Summer"
"664","UB",2,"Pine",8,0.145739503659522,0.000120733710864173,"Summer"
"665","B",3,"Pine",8,0.14501454509475,0.000199296058827102,"Summer"
"666","UB",3,"Pine",8,0.145532937783012,0.000131434478266572,"Summer"
"667","B",4,"Pine",8,0.144695566083914,0.000242051027252336,"Summer"
"668","UB",4,"Pine",8,0.145317610434232,0.000150455582117182,"Summer"
"669","B",5,"Pine",8,0.144105989804089,0.000309373234415793,"Summer"
"670","UB",5,"Pine",8,0.144838061620704,0.000203441492253793,"Summer"
"671","B",6,"Pine",8,0.143369027805702,0.000401943249325008,"Summer"
"672","UB",6,"Pine",8,0.144529161393424,0.000221614981495556,"Summer"
"673","B",7,"Pine",8,0.142528382086237,0.000482595789491712,"Summer"
"674","UB",7,"Pine",8,0.143799918206818,0.00031994974021376,"Summer"
"675","B",8,"Pine",8,0.141428071431289,0.00055148112416326,"Summer"
"676","UB",8,"Pine",8,0.142732044531915,0.000422804679098965,"Summer"
"677","B",9,"Pine",8,0.141524655798858,0.000574866268163,"Summer"
"678","UB",9,"Pine",8,0.142523524783493,0.000504001978996152,"Summer"
"679","B",10,"Pine",8,0.143780427791326,0.000570903991314597,"Summer"
"680","UB",10,"Pine",8,0.141709814163158,0.000950166043782219,"Summer"
"681","B",11,"Pine",8,0.143547733547866,0.000545199985666638,"Summer"
"682","UB",11,"Pine",8,0.140754632815119,0.00113150213515202,"Summer"
"683","B",1,"Spruce",8,0.151309315381043,0.000335358897545022,"Summer"
"684","UB",1,"Spruce",8,0.150448729886657,0.000465918257886484,"Summer"
"685","B",2,"Spruce",8,0.151073097835595,0.000316360024619524,"Summer"
"686","UB",2,"Spruce",8,0.150374888064672,0.000357215160945451,"Summer"
"687","B",3,"Spruce",8,0.150463031492924,0.000306507395589934,"Summer"
"688","UB",3,"Spruce",8,0.149487688482363,0.000412932067995211,"Summer"
"689","B",4,"Spruce",8,0.149657396371718,0.000362481230030483,"Summer"
"690","UB",4,"Spruce",8,0.147777328816416,0.000468685447126348,"Summer"
"691","B",5,"Spruce",8,0.148508026645645,0.000465643763545305,"Summer"
"692","UB",5,"Spruce",8,0.146616130187335,0.000551313245664022,"Summer"
"693","B",6,"Spruce",8,0.146702722745403,0.000663200150938521,"Summer"
"694","UB",6,"Spruce",8,0.144640855468052,0.000668242034233107,"Summer"
"695","B",7,"Spruce",8,0.145592054726195,0.000695768569092716,"Summer"
"696","UB",7,"Spruce",8,0.143368936537426,0.000745083493503723,"Summer"
"697","B",8,"Spruce",8,0.143237279599663,0.000899143710315311,"Summer"
"698","UB",8,"Spruce",8,0.141512015858401,0.000863538284454151,"Summer"
"699","B",9,"Spruce",8,0.142746063364455,0.000964563533598658,"Summer"
"700","UB",9,"Spruce",8,0.141586019841441,0.0009101280510929,"Summer"
"701","B",10,"Spruce",8,0.137486823366759,0.00159616055587377,"Summer"
"702","UB",10,"Spruce",8,0.138507598195311,0.00132962437969037,"Summer"
"703","B",11,"Spruce",8,0.136484020362073,0.00149715827567977,"Summer"
"704","UB",11,"Spruce",8,0.139327094661377,0.0012845858803399,"Summer"
"705","B",1,"Composite",9,0.156063063064641,0.000426398968760212,"Summer"
"706","UB",1,"Composite",9,0.155833338492305,0.000550572293556763,"Summer"
"707","B",2,"Composite",9,0.156084593389183,0.000403985910960392,"Summer"
"708","UB",2,"Composite",9,0.156105456661105,0.000467142674863962,"Summer"
"709","B",3,"Composite",9,0.155025940847191,0.000408823136123652,"Summer"
"710","UB",3,"Composite",9,0.155043433201291,0.000447874061029955,"Summer"
"711","B",4,"Composite",9,0.15452838788961,0.000411757965000582,"Summer"
"712","UB",4,"Composite",9,0.154177598237904,0.00042178905355875,"Summer"
"713","B",5,"Composite",9,0.153836415708428,0.000422499480544711,"Summer"
"714","UB",5,"Composite",9,0.152944014618235,0.000415764110222741,"Summer"
"715","B",6,"Composite",9,0.152953378726496,0.000465835094110722,"Summer"
"716","UB",6,"Composite",9,0.151750600861222,0.00043877726087902,"Summer"
"717","B",7,"Composite",9,0.152553356561651,0.000513165007751272,"Summer"
"718","UB",7,"Composite",9,0.150895504493813,0.000466176235319546,"Summer"
"719","B",8,"Composite",9,0.150907569117415,0.000557098648956501,"Summer"
"720","UB",8,"Composite",9,0.147462433567968,0.000661902954116986,"Summer"
"721","B",9,"Composite",9,0.150605502378081,0.000606214353115998,"Summer"
"722","UB",9,"Composite",9,0.147039037565113,0.000777594897679749,"Summer"
"723","B",10,"Composite",9,0.149767465744355,0.00145938254131018,"Summer"
"724","UB",10,"Composite",9,0.143983208016279,0.00122666289483535,"Summer"
"725","B",11,"Composite",9,0.149883004600125,0.000850184198071001,"Summer"
"726","UB",11,"Composite",9,0.144026559857564,0.00125440629174768,"Summer"
"727","B",1,"Deciduous",9,0.160957376134188,9.76664401317185e-05,"Summer"
"728","UB",1,"Deciduous",9,0.161090150556335,4.25418438690317e-05,"Summer"
"729","B",2,"Deciduous",9,0.160843230976263,8.87591957007822e-05,"Summer"
"730","UB",2,"Deciduous",9,0.160827020311791,6.01080376529097e-05,"Summer"
"731","B",3,"Deciduous",9,0.160791508856279,7.09651019281013e-05,"Summer"
"732","UB",3,"Deciduous",9,0.16025052017395,0.000108887316290872,"Summer"
"733","B",4,"Deciduous",9,0.160595322524367,9.52140022778099e-05,"Summer"
"734","UB",4,"Deciduous",9,0.15954008692275,0.000173984405210543,"Summer"
"735","B",5,"Deciduous",9,0.160391904120507,0.000102644020678734,"Summer"
"736","UB",5,"Deciduous",9,0.158550076500358,0.000272781886211894,"Summer"
"737","B",6,"Deciduous",9,0.160223859127554,0.000117420100028443,"Summer"
"738","UB",6,"Deciduous",9,0.157484696106937,0.000354196784556311,"Summer"
"739","B",7,"Deciduous",9,0.160081437527292,0.00011456519130047,"Summer"
"740","UB",7,"Deciduous",9,0.156964022481941,0.000356409841196798,"Summer"
"741","B",8,"Deciduous",9,0.157947277360529,0.000426767880948053,"Summer"
"742","UB",8,"Deciduous",9,0.153237295684548,0.000771034279731524,"Summer"
"743","B",9,"Deciduous",9,0.157166157442303,0.000550897665399018,"Summer"
"744","UB",9,"Deciduous",9,0.152659234630069,0.000936446695411641,"Summer"
"745","B",10,"Deciduous",9,0.155369003712075,0.000875452071569726,"Summer"
"746","UB",10,"Deciduous",9,0.148381260551009,0.00152665650508562,"Summer"
"747","B",11,"Deciduous",9,0.155042465311841,0.000817476629380374,"Summer"
"748","UB",11,"Deciduous",9,0.148447007428531,0.0015194353060949,"Summer"
"749","B",1,"Pine",9,0.14578570339453,6.61928194017304e-05,"Summer"
"750","UB",1,"Pine",9,0.145961099273866,3.41556017226331e-05,"Summer"
"751","B",2,"Pine",9,0.145515552944294,0.000131115880204781,"Summer"
"752","UB",2,"Pine",9,0.145739504344017,0.000120733730585199,"Summer"
"753","B",3,"Pine",9,0.145014545656541,0.000199296072152765,"Summer"
"754","UB",3,"Pine",9,0.145532938393397,0.000131434492716941,"Summer"
"755","B",4,"Pine",9,0.144695566663803,0.000242051040530558,"Summer"
"756","UB",4,"Pine",9,0.145317611036911,0.000150455593835173,"Summer"
"757","B",5,"Pine",9,0.144105990368329,0.000309373246666436,"Summer"
"758","UB",5,"Pine",9,0.144838062205845,0.000203441502682752,"Summer"
"759","B",6,"Pine",9,0.143369028360963,0.000401943261927881,"Summer"
"760","UB",6,"Pine",9,0.144529161978651,0.000221614994187351,"Summer"
"761","B",7,"Pine",9,0.142528382641052,0.000482595801334053,"Summer"
"762","UB",7,"Pine",9,0.143799918797515,0.000319949753470398,"Summer"
"763","B",8,"Pine",9,0.141428072000661,0.000551481130793642,"Summer"
"764","UB",8,"Pine",9,0.142732045144807,0.000422804679896907,"Summer"
"765","B",9,"Pine",9,0.141524656549812,0.000574866277611672,"Summer"
"766","UB",9,"Pine",9,0.14252352554384,0.000504001976362416,"Summer"
"767","B",10,"Pine",9,0.143780428787574,0.000570903991314598,"Summer"
"768","UB",10,"Pine",9,0.141709815159405,0.000950166043782219,"Summer"
"769","B",11,"Pine",9,0.143547734544113,0.000545199985666638,"Summer"
"770","UB",11,"Pine",9,0.140754633811367,0.00113150213515202,"Summer"
"771","B",1,"Spruce",9,0.151309315395887,0.000335358897451068,"Summer"
"772","UB",1,"Spruce",9,0.150448729901072,0.000465918257888273,"Summer"
"773","B",2,"Spruce",9,0.151073097849309,0.000316360024471487,"Summer"
"774","UB",2,"Spruce",9,0.150374888078248,0.000357215160888074,"Summer"
"775","B",3,"Spruce",9,0.150463031505212,0.000306507395464412,"Summer"
"776","UB",3,"Spruce",9,0.149487688494207,0.000412932067967663,"Summer"
"777","B",4,"Spruce",9,0.149657396383978,0.000362481229906686,"Summer"
"778","UB",4,"Spruce",9,0.147777328828335,0.000468685447054385,"Summer"
"779","B",5,"Spruce",9,0.148508026657888,0.000465643763426816,"Summer"
"780","UB",5,"Spruce",9,0.146616130199134,0.000551313245559837,"Summer"
"781","B",6,"Spruce",9,0.146702722757646,0.000663200150776289,"Summer"
"782","UB",6,"Spruce",9,0.144640855479895,0.000668242034176472,"Summer"
"783","B",7,"Spruce",9,0.145592054738359,0.000695768569010218,"Summer"
"784","UB",7,"Spruce",9,0.14336893654919,0.000745083493451523,"Summer"
"785","B",8,"Spruce",9,0.14323727961254,0.000899143710169241,"Summer"
"786","UB",8,"Spruce",9,0.141512015870744,0.000863538284393418,"Summer"
"787","B",9,"Spruce",9,0.142746063379205,0.00096456353340727,"Summer"
"788","UB",9,"Spruce",9,0.141586019856079,0.000910128051017532,"Summer"
"789","B",10,"Spruce",9,0.137486823385591,0.00159616055587377,"Summer"
"790","UB",10,"Spruce",9,0.138507598214143,0.00132962437969037,"Summer"
"791","B",11,"Spruce",9,0.136484020380905,0.00149715827567977,"Summer"
"792","UB",11,"Spruce",9,0.139327094680209,0.0012845858803399,"Summer"
"793","B",1,"Composite",10,0.157201388944709,0.000413832554499624,"Autumn"
"794","UB",1,"Composite",10,0.156946937239083,0.000537032655204529,"Autumn"
"795","B",2,"Composite",10,0.157126165019262,0.000398208444840281,"Autumn"
"796","UB",2,"Composite",10,0.157136893345451,0.000455113645589604,"Autumn"
"797","B",3,"Composite",10,0.155950366438998,0.000409260370633564,"Autumn"
"798","UB",3,"Composite",10,0.155951492886613,0.000440255184020026,"Autumn"
"799","B",4,"Composite",10,0.15544516302007,0.000413095911089837,"Autumn"
"800","UB",4,"Composite",10,0.155064118154461,0.000415579634949878,"Autumn"
"801","B",5,"Composite",10,0.154744433303014,0.00042458825487768,"Autumn"
"802","UB",5,"Composite",10,0.153837583458396,0.000413765076508657,"Autumn"
"803","B",6,"Composite",10,0.15384941197294,0.000468960398192952,"Autumn"
"804","UB",6,"Composite",10,0.152631833822072,0.000440191911566775,"Autumn"
"805","B",7,"Composite",10,0.153433684927303,0.000518235507980846,"Autumn"
"806","UB",7,"Composite",10,0.151760500138416,0.000469303700469105,"Autumn"
"807","B",8,"Composite",10,0.15178282291056,0.000557612058795269,"Autumn"
"808","UB",8,"Composite",10,0.148314722492609,0.000661739507741626,"Autumn"
"809","B",9,"Composite",10,0.151610004248004,0.000602683757276271,"Autumn"
"810","UB",9,"Composite",10,0.14801142755887,0.000778710270373673,"Autumn"
"811","B",10,"Composite",10,0.150844986298179,0.00146796005037702,"Autumn"
"812","UB",10,"Composite",10,0.145058157348769,0.00124236514165677,"Autumn"
"813","B",11,"Composite",10,0.15097066266359,0.000852223857285495,"Autumn"
"814","UB",11,"Composite",10,0.145100371657691,0.00126867966649974,"Autumn"
"815","B",1,"Deciduous",10,0.161812759859972,0.000100654253612877,"Autumn"
"816","UB",1,"Deciduous",10,0.161938292077426,4.44848611137048e-05,"Autumn"
"817","B",2,"Deciduous",10,0.161658797245421,9.06053396099675e-05,"Autumn"
"818","UB",2,"Deciduous",10,0.161632033081391,6.17093760777966e-05,"Autumn"
"819","B",3,"Deciduous",10,0.161506008042199,7.40401797634734e-05,"Autumn"
"820","UB",3,"Deciduous",10,0.160946340849156,0.000115613558674793,"Autumn"
"821","B",4,"Deciduous",10,0.161306619508224,9.5748047038092e-05,"Autumn"
"822","UB",4,"Deciduous",10,0.160227406102283,0.000179440786012761,"Autumn"
"823","B",5,"Deciduous",10,0.161095788003383,0.000102927625627262,"Autumn"
"824","UB",5,"Deciduous",10,0.159234538317034,0.000280725633917364,"Autumn"
"825","B",6,"Deciduous",10,0.160924946785924,0.000118656070806621,"Autumn"
"826","UB",6,"Deciduous",10,0.158164589229495,0.000361043734897622,"Autumn"
"827","B",7,"Deciduous",10,0.160776081962886,0.000116468530269884,"Autumn"
"828","UB",7,"Deciduous",10,0.157642718374256,0.000363796274324914,"Autumn"
"829","B",8,"Deciduous",10,0.158654510868346,0.000422343494644947,"Autumn"
"830","UB",8,"Deciduous",10,0.153909400382291,0.000771325520542594,"Autumn"
"831","B",9,"Deciduous",10,0.157987922562343,0.000550072883045596,"Autumn"
"832","UB",9,"Deciduous",10,0.153437722065243,0.000938155147829157,"Autumn"
"833","B",10,"Deciduous",10,0.156325130444423,0.000883575863597138,"Autumn"
"834","UB",10,"Deciduous",10,0.149272544245086,0.00154082317433842,"Autumn"
"835","B",11,"Deciduous",10,0.155995561918225,0.000825062436005342,"Autumn"
"836","UB",11,"Deciduous",10,0.149338901223351,0.00153353496594685,"Autumn"
"837","B",1,"Pine",10,0.147102818546242,8.8673056772549e-05,"Autumn"
"838","UB",1,"Pine",10,0.147290635214379,6.32226083450612e-05,"Autumn"
"839","B",2,"Pine",10,0.146755576543635,0.000170790419079808,"Autumn"
"840","UB",2,"Pine",10,0.14697309255112,0.000163133828991852,"Autumn"
"841","B",3,"Pine",10,0.146013352183261,0.000230844121781009,"Autumn"
"842","UB",3,"Pine",10,0.146621876362583,0.000167999840030877,"Autumn"
"843","B",4,"Pine",10,0.145722747302461,0.000271455058954738,"Autumn"
"844","UB",4,"Pine",10,0.146391362504743,0.000181072944807052,"Autumn"
"845","B",5,"Pine",10,0.145101521904355,0.000336182100106463,"Autumn"
"846","UB",5,"Pine",10,0.145872600638872,0.000230104314998183,"Autumn"
"847","B",6,"Pine",10,0.144344178833877,0.000428872630240927,"Autumn"
"848","UB",6,"Pine",10,0.145562306398581,0.000251336235920921,"Autumn"
"849","B",7,"Pine",10,0.143493298017613,0.000508166610983196,"Autumn"
"850","UB",7,"Pine",10,0.144836326504172,0.000349140990914725,"Autumn"
"851","B",8,"Pine",10,0.14240242533807,0.00056953363716514,"Autumn"
"852","UB",8,"Pine",10,0.143789470148728,0.000433969885699034,"Autumn"
"853","B",9,"Pine",10,0.142812438526217,0.00059628530646409,"Autumn"
"854","UB",9,"Pine",10,0.143832501188642,0.000509963826714368,"Autumn"
"855","B",10,"Pine",10,0.145427609580601,0.000581478374756344,"Autumn"
"856","UB",10,"Pine",10,0.143318643685156,0.00096776518520203,"Autumn"
"857","B",11,"Pine",10,0.14519060533372,0.000555298275026288,"Autumn"
"858","UB",11,"Pine",10,0.142345770301357,0.00115246001532851,"Autumn"
"859","B",1,"Spruce",10,0.152937712701022,0.000338337276281966,"Autumn"
"860","UB",1,"Spruce",10,0.152030635629337,0.000476439244206558,"Autumn"
"861","B",2,"Spruce",10,0.152582874770777,0.000315310433221467,"Autumn"
"862","UB",2,"Spruce",10,0.151865060113564,0.000363389429144818,"Autumn"
"863","B",3,"Spruce",10,0.151814906593315,0.000307970393722205,"Autumn"
"864","UB",3,"Spruce",10,0.150785245874933,0.000421127983991127,"Autumn"
"865","B",4,"Spruce",10,0.150990002150831,0.000364378978153056,"Autumn"
"866","UB",4,"Spruce",10,0.149047239296961,0.00047413449671025,"Autumn"
"867","B",5,"Spruce",10,0.149818385661464,0.000469225588205436,"Autumn"
"868","UB",5,"Spruce",10,0.147850146495226,0.00055535914690591,"Autumn"
"869","B",6,"Spruce",10,0.147972931307848,0.000667195012039636,"Autumn"
"870","UB",6,"Spruce",10,0.145848591868516,0.000678771354881478,"Autumn"
"871","B",7,"Spruce",10,0.146843132645911,0.00070507756705663,"Autumn"
"872","UB",7,"Spruce",10,0.144546560359288,0.00075643560075392,"Autumn"
"873","B",8,"Spruce",10,0.144501770514527,0.00090855784942693,"Autumn"
"874","UB",8,"Spruce",10,0.142708731970945,0.000877602241354034,"Autumn"
"875","B",9,"Spruce",10,0.144167380185216,0.000974599860803687,"Autumn"
"876","UB",9,"Spruce",10,0.142987608062533,0.000925695917614809,"Autumn"
"877","B",10,"Spruce",10,0.139055335742475,0.00163675095231363,"Autumn"
"878","UB",10,"Spruce",10,0.140102068896344,0.00136343675557519,"Autumn"
"879","B",11,"Spruce",10,0.138027031436331,0.00153523104205621,"Autumn"
"880","UB",11,"Spruce",10,0.140942405174743,0.00131725292624087,"Autumn"
"881","B",1,"Composite",11,0.224620735042417,0.000368373843001419,"Autumn"
"882","UB",1,"Composite",11,0.224095779029016,0.000583342151423394,"Autumn"
"883","B",2,"Composite",11,0.220847559946157,0.00136666594591135,"Autumn"
"884","UB",2,"Composite",11,0.221298060065869,0.00130814622134943,"Autumn"
"885","B",3,"Composite",11,0.212147642821804,0.00196965729549537,"Autumn"
"886","UB",3,"Composite",11,0.212115227618228,0.00190440012690144,"Autumn"
"887","B",4,"Composite",11,0.21182970802952,0.00197865267191773,"Autumn"
"888","UB",4,"Composite",11,0.211052274053383,0.00193476249386488,"Autumn"
"889","B",5,"Composite",11,0.210686601811632,0.00198750977279864,"Autumn"
"890","UB",5,"Composite",11,0.209811077412499,0.00194419265615378,"Autumn"
"891","B",6,"Composite",11,0.210029631312789,0.00199339764733482,"Autumn"
"892","UB",6,"Composite",11,0.208654946899415,0.00198668077018567,"Autumn"
"893","B",7,"Composite",11,0.20933209925412,0.00203837136541749,"Autumn"
"894","UB",7,"Composite",11,0.207615372286716,0.00201260906382848,"Autumn"
"895","B",8,"Composite",11,0.209848571479569,0.00188198226938128,"Autumn"
"896","UB",8,"Composite",11,0.206031309121094,0.00187291577281957,"Autumn"
"897","B",9,"Composite",11,0.21886631594833,0.000628337317886548,"Autumn"
"898","UB",9,"Composite",11,0.214961791896939,0.000828211151599896,"Autumn"
"899","B",10,"Composite",11,0.216876095989233,0.00196427555087229,"Autumn"
"900","UB",10,"Composite",11,0.211469337371473,0.0013117009912561,"Autumn"
"901","B",11,"Composite",11,0.217195832628583,0.000980287726924033,"Autumn"
"902","UB",11,"Composite",11,0.211557824549581,0.00133485344373962,"Autumn"
"903","B",1,"Deciduous",11,0.228817535556722,0.000143581734988872,"Autumn"
"904","UB",1,"Deciduous",11,0.228923954950138,9.74755824947009e-05,"Autumn"
"905","B",2,"Deciduous",11,0.226136339746412,0.00110718487847543,"Autumn"
"906","UB",2,"Deciduous",11,0.225857634670855,0.00120400191334455,"Autumn"
"907","B",3,"Deciduous",11,0.217941772948151,0.00191778001944941,"Autumn"
"908","UB",3,"Deciduous",11,0.216470186828141,0.00203685596098112,"Autumn"
"909","B",4,"Deciduous",11,0.217400158172656,0.001927059114079,"Autumn"
"910","UB",4,"Deciduous",11,0.215273448135197,0.00207723722137715,"Autumn"
"911","B",5,"Deciduous",11,0.216607743005275,0.00194326038275655,"Autumn"
"912","UB",5,"Deciduous",11,0.214407036788089,0.0021048472059518,"Autumn"
"913","B",6,"Deciduous",11,0.216194783916844,0.00194595967583551,"Autumn"
"914","UB",6,"Deciduous",11,0.213363991068236,0.00211040643549757,"Autumn"
"915","B",7,"Deciduous",11,0.215504308626367,0.00195776999200631,"Autumn"
"916","UB",7,"Deciduous",11,0.213070577946972,0.00208835278699184,"Autumn"
"917","B",8,"Deciduous",11,0.215456038311051,0.00184349830355052,"Autumn"
"918","UB",8,"Deciduous",11,0.211336805397276,0.00195669744053976,"Autumn"
"919","B",9,"Deciduous",11,0.224745002641261,0.000561212153492478,"Autumn"
"920","UB",9,"Deciduous",11,0.21985991131818,0.00096047784002745,"Autumn"
"921","B",10,"Deciduous",11,0.223666867311124,0.000930713001996873,"Autumn"
"922","UB",10,"Deciduous",11,0.216238038679812,0.00162302324137356,"Autumn"
"923","B",11,"Deciduous",11,0.223319716913497,0.000869077991247057,"Autumn"
"924","UB",11,"Deciduous",11,0.216307935680159,0.00161534622054177,"Autumn"
"925","B",1,"Pine",11,0.221384338004019,0.000448197059901737,"Autumn"
"926","UB",1,"Pine",11,0.221483788811091,0.00049314697409808,"Autumn"
"927","B",2,"Pine",11,0.21686983435111,0.00216201581071582,"Autumn"
"928","UB",2,"Pine",11,0.216601058903491,0.00241715817035921,"Autumn"
"929","B",3,"Pine",11,0.203231882643112,0.00312598903006903,"Autumn"
"930","UB",3,"Pine",11,0.207639667326229,0.00296862639685029,"Autumn"
"931","B",4,"Pine",11,0.204120909723658,0.00293791832156142,"Autumn"
"932","UB",4,"Pine",11,0.207007731197539,0.00287103044624366,"Autumn"
"933","B",5,"Pine",11,0.202523431043049,0.00296713738917111,"Autumn"
"934","UB",5,"Pine",11,0.204209005723298,0.00291819579773834,"Autumn"
"935","B",6,"Pine",11,0.20122119111264,0.00296696282733526,"Autumn"
"936","UB",6,"Pine",11,0.20409621526148,0.00291271548313693,"Autumn"
"937","B",7,"Pine",11,0.199976307184996,0.00297759679667805,"Autumn"
"938","UB",7,"Pine",11,0.203760418793794,0.00293020936955857,"Autumn"
"939","B",8,"Pine",11,0.199894288547079,0.0029696070738762,"Autumn"
"940","UB",8,"Pine",11,0.204467238707227,0.00277562029479264,"Autumn"
"941","B",9,"Pine",11,0.215834178664221,0.000663801302176434,"Autumn"
"942","UB",9,"Pine",11,0.217019947200304,0.000737240066225831,"Autumn"
"943","B",10,"Pine",11,0.21488779427362,0.000642003140533484,"Autumn"
"944","UB",10,"Pine",11,0.212559310899288,0.00106849766933984,"Autumn"
"945","B",11,"Pine",11,0.214626120791986,0.000613098013574603,"Autumn"
"946","UB",11,"Pine",11,0.21148517333054,0.00127241696561838,"Autumn"
"947","B",1,"Spruce",11,0.216457568833531,0.000480304459234017,"Autumn"
"948","UB",1,"Spruce",11,0.215503841031226,0.000627689377097812,"Autumn"
"949","B",2,"Spruce",11,0.212466460007416,0.00134388673819676,"Autumn"
"950","UB",2,"Spruce",11,0.211761781313155,0.00145651107929224,"Autumn"
"951","B",3,"Spruce",11,0.206056352365082,0.00183695701106624,"Autumn"
"952","UB",3,"Spruce",11,0.203774255324287,0.0019866423102853,"Autumn"
"953","B",4,"Spruce",11,0.204839424553059,0.0018602833748557,"Autumn"
"954","UB",4,"Spruce",11,0.201698572811239,0.00198563191669181,"Autumn"
"955","B",5,"Spruce",11,0.203595761582169,0.00190080337425222,"Autumn"
"956","UB",5,"Spruce",11,0.199798275649309,0.00198155942607866,"Autumn"
"957","B",6,"Spruce",11,0.201437510279701,0.00193261281513831,"Autumn"
"958","UB",6,"Spruce",11,0.197697637387806,0.00208209374213674,"Autumn"
"959","B",7,"Spruce",11,0.199854452542466,0.0020574912296853,"Autumn"
"960","UB",7,"Spruce",11,0.195823985464045,0.00211373772356853,"Autumn"
"961","B",8,"Spruce",11,0.199608338880181,0.00202857111307385,"Autumn"
"962","UB",8,"Spruce",11,0.195919629619439,0.00207367562327033,"Autumn"
"963","B",9,"Spruce",11,0.206131231113173,0.00123596109926091,"Autumn"
"964","UB",9,"Spruce",11,0.204463840648276,0.00115459396007969,"Autumn"
"965","B",10,"Spruce",11,0.198539506032217,0.00186671993374066,"Autumn"
"966","UB",10,"Spruce",11,0.199733308694052,0.00155500417850937,"Autumn"
"967","B",11,"Spruce",11,0.19736672153283,0.00175093613665093,"Autumn"
"968","UB",11,"Spruce",11,0.200691715029309,0.00150233136673371,"Autumn"
"969","B",1,"Composite",12,0.360575957469663,0.00268637518022015,"Autumn"
"970","UB",1,"Composite",12,0.362098018563174,0.00290861964835759,"Autumn"
"971","B",2,"Composite",12,0.355627911386337,0.00348851744692649,"Autumn"
"972","UB",2,"Composite",12,0.358503055332414,0.00350263731084573,"Autumn"
"973","B",3,"Composite",12,0.34107312920745,0.00398657312835755,"Autumn"
"974","UB",3,"Composite",12,0.342677225130952,0.00389126058582181,"Autumn"
"975","B",4,"Composite",12,0.340704344956277,0.00396125275734993,"Autumn"
"976","UB",4,"Composite",12,0.341414803290416,0.00391853285642038,"Autumn"
"977","B",5,"Composite",12,0.33906319103296,0.00397752620757462,"Autumn"
"978","UB",5,"Composite",12,0.339747449486668,0.00391796368647733,"Autumn"
"979","B",6,"Composite",12,0.338201357231699,0.00394411302860288,"Autumn"
"980","UB",6,"Composite",12,0.338042291908609,0.00394141420294352,"Autumn"
"981","B",7,"Composite",12,0.337110870887609,0.00394973268782736,"Autumn"
"982","UB",7,"Composite",12,0.336766762073289,0.00398307191625378,"Autumn"
"983","B",8,"Composite",12,0.338692807151454,0.00386134985486355,"Autumn"
"984","UB",8,"Composite",12,0.335842997306833,0.00400039748743532,"Autumn"
"985","B",9,"Composite",12,0.354468693216341,0.00284214154240011,"Autumn"
"986","UB",9,"Composite",12,0.351167827218958,0.00319842147727671,"Autumn"
"987","B",10,"Composite",12,0.32516431657825,0.00289239195952633,"Autumn"
"988","UB",10,"Composite",12,0.319982056887695,0.0017662505301467,"Autumn"
"989","B",11,"Composite",12,0.325723486152165,0.00136905346451188,"Autumn"
"990","UB",11,"Composite",12,0.320157930532499,0.00176418135766658,"Autumn"
"991","B",1,"Deciduous",12,0.371368416775399,0.00345197922297292,"Autumn"
"992","UB",1,"Deciduous",12,0.37319801109397,0.00360936269114171,"Autumn"
"993","B",2,"Deciduous",12,0.368329123938515,0.00372541449093933,"Autumn"
"994","UB",2,"Deciduous",12,0.369458050154176,0.00395959077237516,"Autumn"
"995","B",3,"Deciduous",12,0.353969352011531,0.00430930167969704,"Autumn"
"996","UB",3,"Deciduous",12,0.352763568777018,0.00452061681017867,"Autumn"
"997","B",4,"Deciduous",12,0.35258700938854,0.00429279353170367,"Autumn"
"998","UB",4,"Deciduous",12,0.350781134258791,0.00455549127741708,"Autumn"
"999","B",5,"Deciduous",12,0.351073823633587,0.00427829768755379,"Autumn"
"1000","UB",5,"Deciduous",12,0.349866136612023,0.00455116839468258,"Autumn"
"1001","B",6,"Deciduous",12,0.350209848183224,0.00425083221873932,"Autumn"
"1002","UB",6,"Deciduous",12,0.348385910534874,0.00454073310380197,"Autumn"
"1003","B",7,"Deciduous",12,0.348859993851347,0.00422615451772788,"Autumn"
"1004","UB",7,"Deciduous",12,0.348477295281151,0.00450631522122208,"Autumn"
"1005","B",8,"Deciduous",12,0.349080164136538,0.00425383613504989,"Autumn"
"1006","UB",8,"Deciduous",12,0.347578094257324,0.00459532007743703,"Autumn"
"1007","B",9,"Deciduous",12,0.366422582412979,0.00357172844287796,"Autumn"
"1008","UB",9,"Deciduous",12,0.361376965071967,0.00391959921835109,"Autumn"
"1009","B",10,"Deciduous",12,0.333237554646094,0.00114058530467097,"Autumn"
"1010","UB",10,"Deciduous",12,0.324133552929545,0.00198900891496984,"Autumn"
"1011","B",11,"Deciduous",12,0.332812123131551,0.00106505182940669,"Autumn"
"1012","UB",11,"Deciduous",12,0.324219211442175,0.00197960075463943,"Autumn"
"1013","B",1,"Pine",12,0.368266230689978,0.00315135664336285,"Autumn"
"1014","UB",1,"Pine",12,0.367773885311681,0.00341405814282074,"Autumn"
"1015","B",2,"Pine",12,0.359970331306991,0.00472110775450101,"Autumn"
"1016","UB",2,"Pine",12,0.359302749937217,0.00520975171692239,"Autumn"
"1017","B",3,"Pine",12,0.334844825789533,0.00597840886224909,"Autumn"
"1018","UB",3,"Pine",12,0.341962656003088,0.00576290705519755,"Autumn"
"1019","B",4,"Pine",12,0.336301211758218,0.00560421563360101,"Autumn"
"1020","UB",4,"Pine",12,0.341185016249928,0.00556960386479746,"Autumn"
"1021","B",5,"Pine",12,0.334138207582839,0.00563703529550409,"Autumn"
"1022","UB",5,"Pine",12,0.335954800082913,0.00557323225440384,"Autumn"
"1023","B",6,"Pine",12,0.332467823352147,0.00559137826781489,"Autumn"
"1024","UB",6,"Pine",12,0.336084700407475,0.00555458967871565,"Autumn"
"1025","B",7,"Pine",12,0.330514734294264,0.00557171308223196,"Autumn"
"1026","UB",7,"Pine",12,0.335865432145075,0.00555253056326622,"Autumn"
"1027","B",8,"Pine",12,0.330777736872232,0.00559494050575155,"Autumn"
"1028","UB",8,"Pine",12,0.337541899482934,0.00536458774641096,"Autumn"
"1029","B",9,"Pine",12,0.358634219527915,0.00254664766863994,"Autumn"
"1030","UB",9,"Pine",12,0.359501274431372,0.00298550296783041,"Autumn"
"1031","B",10,"Pine",12,0.336105846669102,0.00089426249843184,"Autumn"
"1032","UB",10,"Pine",12,0.332862442971487,0.00148833757192907,"Autumn"
"1033","B",11,"Pine",12,0.335741355023058,0.000853999812130554,"Autumn"
"1034","UB",11,"Pine",12,0.331366249440268,0.00177238194469798,"Autumn"
"1035","B",1,"Spruce",12,0.341764006867703,0.00256459217716763,"Autumn"
"1036","UB",1,"Spruce",12,0.342311983029924,0.00256244636233399,"Autumn"
"1037","B",2,"Spruce",12,0.336013941100678,0.00316555861608605,"Autumn"
"1038","UB",2,"Spruce",12,0.335762450709657,0.00334474485263691,"Autumn"
"1039","B",3,"Spruce",12,0.32557500655223,0.00365667330281361,"Autumn"
"1040","UB",3,"Spruce",12,0.322823861815779,0.00384076451976856,"Autumn"
"1041","B",4,"Spruce",12,0.323596976826607,0.00368202970667158,"Autumn"
"1042","UB",4,"Spruce",12,0.31945465798064,0.00384528298071479,"Autumn"
"1043","B",5,"Spruce",12,0.321981596187023,0.00375884865453051,"Autumn"
"1044","UB",5,"Spruce",12,0.316555743250376,0.00382964472409191,"Autumn"
"1045","B",6,"Spruce",12,0.318797689415908,0.00384497643923427,"Autumn"
"1046","UB",6,"Spruce",12,0.313616332740577,0.00395677480512522,"Autumn"
"1047","B",7,"Spruce",12,0.316515820013839,0.00396676001471838,"Autumn"
"1048","UB",7,"Spruce",12,0.310819803569436,0.0039697445206502,"Autumn"
"1049","B",8,"Spruce",12,0.316304298025349,0.00405445723062053,"Autumn"
"1050","UB",8,"Spruce",12,0.311465006071056,0.0039498311586559,"Autumn"
"1051","B",9,"Spruce",12,0.326850274732679,0.00330291650297845,"Autumn"
"1052","UB",9,"Spruce",12,0.324907387932087,0.00295984535973274,"Autumn"
"1053","B",10,"Spruce",12,0.296902684873957,0.00277948114658863,"Autumn"
"1054","UB",10,"Spruce",12,0.298680215574381,0.00231534721353322,"Autumn"
"1055","B",11,"Spruce",12,0.295156449487416,0.0026070830941146,"Autumn"
"1056","UB",11,"Spruce",12,0.300107249320294,0.00223691922622668,"Autumn"
